FECHA;HORA;ESTACION;VIA;DISPOSITIVOT;DISPOSITIVON;DOMINIO;CATEGORIA;TARIFA;BONIFICACION;TIPO_DE_DOCUMENTO;DOCUMENTO_LEGAL;DOCUMENTO_SA;CLIENTE_WEB;CLIENTE_RED;SUB_CUENTA
2026-06-16;184516;0001;11;SI90;90836134;AD933WS;7;42365.91;0.00;0;30708488891;30708488891;560773;560773;1
2026-06-17;133344;0001;11;SI90;99598699;AF734UP;7;42365.91;0.00;0;30708488891;30708488891;560773;560773;1
2026-06-17;135005;0001;11;SI90;99561570;AF509QF;7;42365.91;0.00;0;30708488891;30708488891;560773;560773;1
2026-06-17;152325;0001;11;SI90;99540243;AF389UV;7;23536.62;0.00;0;30708488891;30708488891;560773;560773;1
2026-06-17;230058;0001;11;SI90;97162615;AH554RQ;7;28243.94;0.00;0;30708488891;30708488891;560773;560773;1
2026-06-19;1033;0001;11;SI90;97190264;AH554RP;7;28243.94;0.00;0;30708488891;30708488891;560773;560773;1
2026-06-19;122746;0001;11;SI90;94530188;AD736OU;7;28243.94;0.00;0;30708488891;30708488891;560773;560773;1
2026-06-19;124120;0001;11;SI90;94920955;AE908YL;7;42365.91;0.00;0;30708488891;30708488891;560773;560773;1
2026-06-19;130557;0001;11;SI90;94891934;AE751PA;7;28243.94;0.00;0;30708488891;30708488891;560773;560773;1
2026-06-19;131643;0001;11;SI90;94797663;AE469PL;7;28243.94;0.00;0;30708488891;30708488891;560773;560773;1
2026-06-20;3107;0001;11;SI90;97191590;AH351RS;7;28243.94;0.00;0;30708488891;30708488891;560773;560773;1
2026-06-20;115211;0001;11;SI90;99909190;AG822HO;7;28243.94;0.00;0;30708488891;30708488891;560773;560773;1
2026-06-20;130307;0001;11;SI90;99540243;AF389UV;7;42365.91;0.00;0;30708488891;30708488891;560773;560773;1
2026-06-20;134953;0001;11;SI90;99567025;AE284KH;7;42365.91;0.00;0;30708488891;30708488891;560773;560773;1
2026-06-21;40407;0001;11;SI90;93423682;AH033DL;7;28243.94;0.00;0;30708488891;30708488891;560773;560773;1
2026-06-21;180234;0001;11;SI90;97162615;AH554RQ;7;28243.94;0.00;0;30708488891;30708488891;560773;560773;1
2026-06-22;51600;0001;11;SI90;98702170;AD625QB;7;32951.26;0.00;0;30708488891;30708488891;560773;560773;1
2026-06-22;134850;0001;11;SI90;94797663;AE469PL;6;18829.29;0.00;0;30708488891;30708488891;560773;560773;1
2026-06-22;150615;0001;11;SI90;61276153;AH800QR;7;23536.62;0.00;0;30708488891;30708488891;560773;560773;1
2026-06-22;202751;0001;11;SI90;92079954;AF993HK;7;28243.94;0.00;0;30708488891;30708488891;560773;560773;1
2026-06-22;202808;0001;11;SI90;97010413;AE469PH;7;28243.94;0.00;0;30708488891;30708488891;560773;560773;1
2026-06-22;205558;0001;11;SI90;99598699;AF734UP;7;42365.91;0.00;0;30708488891;30708488891;560773;560773;1
2026-06-23;35539;0001;11;SI90;94920955;AE908YL;7;42365.91;0.00;0;30708488891;30708488891;560773;560773;1
2026-06-23;123010;0001;11;SI90;94891934;AE751PA;7;28243.94;0.00;0;30708488891;30708488891;560773;560773;1
2026-06-23;191034;0001;11;SI90;94866586;AD328WK;7;28243.94;0.00;0;30708488891;30708488891;560773;560773;1
2026-06-23;221050;0001;11;SI90;94959737;AF091AI;7;28243.94;0.00;0;30708488891;30708488891;560773;560773;1
2026-06-23;230215;0001;11;SI90;97191590;AH351RS;7;28243.94;0.00;0;30708488891;30708488891;560773;560773;1
2026-06-24;63809;0001;11;SI90;99909190;AG822HO;7;23536.62;0.00;0;30708488891;30708488891;560773;560773;1
2026-06-24;75949;0001;11;SI90;97196290;AD255OC;2;4707.32;0.00;0;30708488891;30708488891;560773;560773;1
2026-06-24;123725;0001;11;SI90;99567025;AE284KH;7;42365.91;0.00;0;30708488891;30708488891;560773;560773;1
2026-06-24;222414;0001;11;SI90;93423682;AH033DL;7;28243.94;0.00;0;30708488891;30708488891;560773;560773;1
2026-06-24;232204;0001;11;SI90;97162615;AH554RQ;7;28243.94;0.00;0;30708488891;30708488891;560773;560773;1
2026-06-25;170958;0001;11;SI90;99540243;AF389UV;5;14121.97;0.00;0;30708488891;30708488891;560773;560773;1
2026-06-25;195749;0001;11;SI90;94911721;AE831SI;7;28243.94;0.00;0;30708488891;30708488891;560773;560773;1
2026-06-26;104446;0001;11;SI90;97196290;AD255OC;2;4707.32;0.00;0;30708488891;30708488891;560773;560773;1
2026-06-26;153527;0001;11;SI90;94904121;AD667DM;7;28243.94;0.00;0;30708488891;30708488891;560773;560773;1
2026-06-26;163519;0001;11;SI90;90836134;AD933WS;7;42365.91;0.00;0;30708488891;30708488891;560773;560773;1
2026-06-26;171751;0001;11;SI90;94920955;AE908YL;7;42365.91;0.00;0;30708488891;30708488891;560773;560773;1
2026-06-26;223239;0001;11;SI90;94891934;AE751PA;6;18829.29;0.00;0;30708488891;30708488891;560773;560773;1
2026-06-28;20204;0001;11;SI90;99909190;AG822HO;7;28243.94;0.00;0;30708488891;30708488891;560773;560773;1
2026-06-28;75829;0001;11;SI90;97162615;AH554RQ;7;28243.94;0.00;0;30708488891;30708488891;560773;560773;1
2026-06-28;94640;0001;11;SI90;99738109;AE454PH;7;42365.91;0.00;0;30708488891;30708488891;560773;560773;1
2026-06-28;110017;0001;11;SI90;92079954;AF993HK;7;28243.94;0.00;0;30708488891;30708488891;560773;560773;1
2026-06-29;34813;0001;11;SI90;97190264;AH554RP;7;28243.94;0.00;0;30708488891;30708488891;560773;560773;1
2026-06-29;212153;0001;11;SI90;94579785;AD482MT;7;28243.94;0.00;0;30708488891;30708488891;560773;560773;1
2026-06-29;224751;0001;11;SI90;97371592;AG110LK;7;28243.94;0.00;0;30708488891;30708488891;560773;560773;1
2026-06-29;231202;0001;11;SI90;94959737;AF091AI;7;28243.94;0.00;0;30708488891;30708488891;560773;560773;1
2026-06-30;123011;0001;11;SI90;99540243;AF389UV;7;42365.91;0.00;0;30708488891;30708488891;560773;560773;1
2026-06-16;175741;0001;12;SI90;99567025;AE284KH;7;42365.91;0.00;0;30708488891;30708488891;560773;560773;1
2026-06-16;182307;0001;12;SI90;99738109;AE454PH;7;42365.91;0.00;0;30708488891;30708488891;560773;560773;1
2026-06-16;184746;0001;12;SI90;61276153;AH800QR;7;23536.62;0.00;0;30708488891;30708488891;560773;560773;1
2026-06-22;150712;0001;13;SI90;90836134;AD933WS;7;42365.91;0.00;0;30708488891;30708488891;560773;560773;1
2026-06-22;205503;0001;13;SI90;99561570;AF509QF;7;42365.91;0.00;0;30708488891;30708488891;560773;560773;1
2026-06-26;45005;0001;13;SI90;97371592;AG110LK;7;28243.94;0.00;0;30708488891;30708488891;560773;560773;1
2026-06-26;50139;0001;13;SI90;94931038;AE952TH;7;28243.94;0.00;0;30708488891;30708488891;560773;560773;1
2026-06-26;153519;0001;13;SI90;61276153;AH800QR;7;42365.91;0.00;0;30708488891;30708488891;560773;560773;1
2026-06-28;180213;0001;13;SI90;99779063;AG533MF;2;4707.32;0.00;0;30708488891;30708488891;560773;560773;1
2026-06-29;122243;0001;13;SI90;99561570;AF509QF;7;23536.62;0.00;0;30708488891;30708488891;560773;560773;1
2026-06-29;212122;0001;13;SI90;97134694;AH272KN;7;42365.91;0.00;0;30708488891;30708488891;560773;560773;1
2026-06-30;45518;0001;13;SI90;94911721;AE831SI;6;18829.29;0.00;0;30708488891;30708488891;560773;560773;1
2026-06-16;53054;0001;14;SI90;97134694;AH272KN;7;42365.91;0.00;0;30708488891;30708488891;560773;560773;1
2026-06-16;133701;0001;14;SI90;93458913;AH251LE;7;23536.62;0.00;0;30708488891;30708488891;560773;560773;1
2026-06-18;72221;0001;14;SI90;97196290;AD255OC;2;4707.32;0.00;0;30708488891;30708488891;560773;560773;1
2026-06-19;134331;0001;14;SI90;94904121;AD667DM;6;18829.29;0.00;0;30708488891;30708488891;560773;560773;1
2026-06-19;192110;0001;14;SI90;93458913;AH251LE;7;23536.62;0.00;0;30708488891;30708488891;560773;560773;1
2026-06-20;93321;0001;14;SI90;97134694;AH272KN;7;23536.62;0.00;0;30708488891;30708488891;560773;560773;1
2026-06-22;73714;0001;14;SI90;99594918;AA946VU;2;4707.32;0.00;0;30708488891;30708488891;560773;560773;1
2026-06-22;191741;0001;14;SI90;97190264;AH554RP;7;23536.62;0.00;0;30708488891;30708488891;560773;560773;1
2026-06-22;204305;0001;14;SI90;94530188;AD736OU;7;28243.94;0.00;0;30708488891;30708488891;560773;560773;1
2026-06-22;204321;0001;14;SI90;94904121;AD667DM;7;28243.94;0.00;0;30708488891;30708488891;560773;560773;1
2026-06-24;130802;0001;14;SI90;93458913;AH251LE;7;42365.91;0.00;0;30708488891;30708488891;560773;560773;1
2026-06-25;171246;0001;14;SI90;94797663;AE469PL;6;18829.29;0.00;0;30708488891;30708488891;560773;560773;1
2026-06-25;174021;0001;14;SI90;94579785;AD482MT;6;18829.29;0.00;0;30708488891;30708488891;560773;560773;1
2026-06-26;143527;0001;14;SI90;94530188;AD736OU;7;28243.94;0.00;0;30708488891;30708488891;560773;560773;1
2026-06-28;105657;0001;14;SI90;97191590;AH351RS;7;28243.94;0.00;0;30708488891;30708488891;560773;560773;1
2026-06-29;84513;0001;14;SI90;93458913;AH251LE;7;23536.62;0.00;0;30708488891;30708488891;560773;560773;1
2026-06-29;102143;0001;14;SI90;97196290;AD255OC;2;4707.32;0.00;0;30708488891;30708488891;560773;560773;1
2026-06-29;122257;0001;14;SI90;99598699;AF734UP;7;23536.62;0.00;0;30708488891;30708488891;560773;560773;1
2026-06-16;184408;0001;23;SI90;99598699;AF734UP;7;23536.62;0.00;0;30708488891;30708488891;560773;560773;1
2026-06-17;95405;0001;23;SI90;94959737;AF091AI;7;23536.62;0.00;0;30708488891;30708488891;560773;560773;1
2026-06-16;151649;0001;24;SI90;92093802;AD985XP;7;28243.94;0.00;0;30708488891;30708488891;560773;560773;1
2026-06-18;83803;0001;24;SI90;97162615;AH554RQ;7;28243.94;0.00;0;30708488891;30708488891;560773;560773;1
2026-06-18;132609;0001;24;SI90;97196290;AD255OC;2;4707.32;0.00;0;30708488891;30708488891;560773;560773;1
2026-06-18;215059;0001;24;SI90;99567025;AE284KH;6;18829.29;0.00;0;30708488891;30708488891;560773;560773;1
2026-06-19;113342;0001;24;SI90;97134694;AH272KN;7;23536.62;0.00;0;30708488891;30708488891;560773;560773;1
2026-06-20;165237;0001;24;SI90;99598699;AF734UP;7;23536.62;0.00;0;30708488891;30708488891;560773;560773;1
2026-06-25;174408;0001;24;SI90;94530188;AD736OU;7;28243.94;0.00;0;30708488891;30708488891;560773;560773;1
2026-06-25;174528;0001;24;SI90;94891934;AE751PA;7;28243.94;0.00;0;30708488891;30708488891;560773;560773;1
2026-06-26;193024;0001;24;SI90;93458913;AH251LE;7;23536.62;0.00;0;30708488891;30708488891;560773;560773;1
2026-06-26;200322;0001;24;SI90;97196290;AD255OC;2;4707.32;0.00;0;30708488891;30708488891;560773;560773;1
2026-06-28;15317;0001;24;SI90;97134694;AH272KN;7;23536.62;0.00;0;30708488891;30708488891;560773;560773;1
2026-06-29;150522;0001;24;SI90;97196290;AD255OC;2;4707.32;0.00;0;30708488891;30708488891;560773;560773;1
2026-06-29;191433;0001;24;SI90;99540243;AF389UV;5;14121.97;0.00;0;30708488891;30708488891;560773;560773;1
2026-06-30;40908;0001;24;SI90;92079954;AF993HK;6;18829.29;0.00;0;30708488891;30708488891;560773;560773;1
2026-06-30;211257;0001;24;SI90;94920955;AE908YL;7;42365.91;0.00;0;30708488891;30708488891;560773;560773;1
2026-06-16;20439;0001;25;SI90;61276153;AH800QR;7;42365.91;0.00;0;30708488891;30708488891;560773;560773;1
2026-06-16;150522;0001;25;SI90;99540243;AF389UV;7;42365.91;0.00;0;30708488891;30708488891;560773;560773;1
2026-06-17;13255;0001;25;SI90;94530188;AD736OU;7;28243.94;0.00;0;30708488891;30708488891;560773;560773;1
2026-06-17;114312;0001;25;SI90;94797663;AE469PL;7;28243.94;0.00;0;30708488891;30708488891;560773;560773;1
2026-06-18;110412;0001;25;SI90;94911721;AE831SI;7;28243.94;0.00;0;30708488891;30708488891;560773;560773;1
2026-06-18;164534;0001;25;SI90;94920955;AE908YL;6;18829.29;0.00;0;30708488891;30708488891;560773;560773;1
2026-06-19;120216;0001;25;SI90;97190264;AH554RP;7;28243.94;0.00;0;30708488891;30708488891;560773;560773;1
2026-06-19;193226;0001;25;SI90;99738109;AE454PH;7;42365.91;0.00;0;30708488891;30708488891;560773;560773;1
2026-06-20;81435;0001;25;SI90;99540243;AF389UV;7;42365.91;0.00;0;30708488891;30708488891;560773;560773;1
2026-06-20;184108;0001;25;SI90;97191590;AH351RS;7;28243.94;0.00;0;30708488891;30708488891;560773;560773;1
2026-06-21;173510;0001;25;SI90;94797663;AE469PL;7;28243.94;0.00;0;30708488891;30708488891;560773;560773;1
2026-06-22;220;0001;25;SI90;94891934;AE751PA;6;18829.29;0.00;0;30708488891;30708488891;560773;560773;1
2026-06-22;20342;0001;25;SI90;61276153;AH800QR;7;42365.91;0.00;0;30708488891;30708488891;560773;560773;1
2026-06-22;35045;0001;25;SI90;90836134;AD933WS;7;42365.91;0.00;0;30708488891;30708488891;560773;560773;1
2026-06-22;71059;0001;25;SI90;97162615;AH554RQ;7;28243.94;0.00;0;30708488891;30708488891;560773;560773;1
2026-06-22;130207;0001;25;SI90;99594918;AA946VU;2;4707.32;0.00;0;30708488891;30708488891;560773;560773;1
2026-06-23;113313;0001;25;SI90;97190264;AH554RP;7;28243.94;0.00;0;30708488891;30708488891;560773;560773;1
2026-06-23;212942;0001;25;SI90;99567025;AE284KH;7;42365.91;0.00;0;30708488891;30708488891;560773;560773;1
2026-06-24;82444;0001;25;SI90;93458913;AH251LE;7;42365.91;0.00;0;30708488891;30708488891;560773;560773;1
2026-06-24;94210;0001;25;SI90;97191590;AH351RS;7;28243.94;0.00;0;30708488891;30708488891;560773;560773;1
2026-06-24;130351;0001;25;SI90;97196290;AD255OC;2;4707.32;0.00;0;30708488891;30708488891;560773;560773;1
2026-06-24;131915;0001;25;SI90;99909190;AG822HO;7;28243.94;0.00;0;30708488891;30708488891;560773;560773;1
2026-06-24;221250;0001;25;SI90;94866586;AD328WK;7;28243.94;0.00;0;30708488891;30708488891;560773;560773;1
2026-06-25;14259;0001;25;SI90;94797663;AE469PL;7;28243.94;0.00;0;30708488891;30708488891;560773;560773;1
2026-06-25;125144;0001;25;SI90;92079954;AF993HK;7;28243.94;0.00;0;30708488891;30708488891;560773;560773;1
2026-06-25;165743;0001;25;SI90;94920955;AE908YL;7;42365.91;0.00;0;30708488891;30708488891;560773;560773;1
2026-06-26;22629;0001;25;SI90;90836134;AD933WS;7;42365.91;0.00;0;30708488891;30708488891;560773;560773;1
2026-06-26;22647;0001;25;SI90;61276153;AH800QR;7;42365.91;0.00;0;30708488891;30708488891;560773;560773;1
2026-06-26;121846;0001;25;SI90;99598699;AF734UP;7;42365.91;0.00;0;30708488891;30708488891;560773;560773;1
2026-06-26;153626;0001;25;SI90;94931038;AE952TH;7;28243.94;0.00;0;30708488891;30708488891;560773;560773;1
2026-06-26;220901;0001;25;SI90;94959737;AF091AI;7;28243.94;0.00;0;30708488891;30708488891;560773;560773;1
2026-06-27;81541;0001;25;SI90;99567025;AE284KH;7;42365.91;0.00;0;30708488891;30708488891;560773;560773;1
2026-06-28;211811;0001;25;SI90;99779063;AG533MF;2;4707.32;0.00;0;30708488891;30708488891;560773;560773;1
2026-06-30;160551;0001;25;SI90;94891934;AE751PA;7;28243.94;0.00;0;30708488891;30708488891;560773;560773;1
2026-06-30;220856;0001;25;SI90;90836134;AD933WS;7;42365.91;0.00;0;30708488891;30708488891;560773;560773;1
2026-06-30;220915;0001;25;SI90;61276153;AH800QR;7;42365.91;0.00;0;30708488891;30708488891;560773;560773;1
2026-06-16;141246;0001;26;SI90;99909190;AG822HO;7;28243.94;0.00;0;30708488891;30708488891;560773;560773;1
2026-06-18;130805;0001;26;SI90;94904121;AD667DM;7;23536.62;0.00;0;30708488891;30708488891;560773;560773;1
2026-06-18;144635;0001;26;SI90;93423682;AH033DL;7;28243.94;0.00;0;30708488891;30708488891;560773;560773;1
2026-06-19;65816;0001;26;SI90;93458913;AH251LE;7;42365.91;0.00;0;30708488891;30708488891;560773;560773;1
2026-06-20;165112;0001;26;SI90;99561570;AF509QF;7;42365.91;0.00;0;30708488891;30708488891;560773;560773;1
2026-06-20;174017;0001;26;SI90;94866586;AD328WK;7;28243.94;0.00;0;30708488891;30708488891;560773;560773;1
2026-06-21;70326;0001;26;SI90;99909190;AG822HO;7;28243.94;0.00;0;30708488891;30708488891;560773;560773;1
2026-06-21;131124;0001;26;SI90;92079954;AF993HK;7;28243.94;0.00;0;30708488891;30708488891;560773;560773;1
2026-06-22;2241;0001;26;SI90;94904121;AD667DM;7;28243.94;0.00;0;30708488891;30708488891;560773;560773;1
2026-06-22;20634;0001;26;SI90;94530188;AD736OU;7;28243.94;0.00;0;30708488891;30708488891;560773;560773;1
2026-06-22;121456;0001;26;SI90;98702170;AD625QB;7;28243.94;0.00;0;30708488891;30708488891;560773;560773;1
2026-06-22;170858;0001;26;SI90;94920955;AE908YL;7;42365.91;0.00;0;30708488891;30708488891;560773;560773;1
2026-06-23;173555;0001;26;SI90;93423682;AH033DL;7;28243.94;0.00;0;30708488891;30708488891;560773;560773;1
2026-06-24;130715;0001;26;SI90;97134694;AH272KN;7;42365.91;0.00;0;30708488891;30708488891;560773;560773;1
2026-06-24;160540;0001;26;SI90;99540243;AF389UV;7;42365.91;0.00;0;30708488891;30708488891;560773;560773;1
2026-06-25;21754;0001;26;SI90;97371592;AG110LK;7;23536.62;0.00;0;30708488891;30708488891;560773;560773;1
2026-06-25;83838;0001;26;SI90;94911721;AE831SI;7;28243.94;0.00;0;30708488891;30708488891;560773;560773;1
2026-06-25;103653;0001;26;SI90;97162615;AH554RQ;7;28243.94;0.00;0;30708488891;30708488891;560773;560773;1
2026-06-25;132910;0001;26;SI90;97010413;AE469PH;7;28243.94;0.00;0;30708488891;30708488891;560773;560773;1
2026-06-25;172331;0001;26;SI90;94904121;AD667DM;7;28243.94;0.00;0;30708488891;30708488891;560773;560773;1
2026-06-26;122045;0001;26;SI90;99561570;AF509QF;7;23536.62;0.00;0;30708488891;30708488891;560773;560773;1
2026-06-27;125310;0001;26;SI90;94579785;AD482MT;7;28243.94;0.00;0;30708488891;30708488891;560773;560773;1
2026-06-27;191532;0001;26;SI90;94797663;AE469PL;7;28243.94;0.00;0;30708488891;30708488891;560773;560773;1
2026-06-27;201255;0001;26;SI90;93423682;AH033DL;7;28243.94;0.00;0;30708488891;30708488891;560773;560773;1
2026-06-28;13114;0001;26;SI90;97371592;AG110LK;7;28243.94;0.00;0;30708488891;30708488891;560773;560773;1
2026-06-28;130006;0001;26;SI90;99909190;AG822HO;6;18829.29;0.00;0;30708488891;30708488891;560773;560773;1
2026-06-28;192158;0001;26;SI90;97191590;AH351RS;7;28243.94;0.00;0;30708488891;30708488891;560773;560773;1
2026-06-16;53448;0001;27;SI90;97191590;AH351RS;6;18829.29;0.00;0;30708488891;30708488891;560773;560773;1
2026-06-16;184440;0001;27;SI90;99561570;AF509QF;7;42365.91;0.00;0;30708488891;30708488891;560773;560773;1
2026-06-17;195232;0001;27;SI90;97047074;AG939HR;7;28243.94;0.00;0;30708488891;30708488891;560773;560773;1
2026-06-28;132324;0001;27;SI90;97162615;AH554RQ;7;23536.62;0.00;0;30708488891;30708488891;560773;560773;1
2026-06-28;183209;0001;27;SI90;94911721;AE831SI;7;28243.94;0.00;0;30708488891;30708488891;560773;560773;1
2026-06-29;130607;0001;27;SI90;97190264;AH554RP;7;28243.94;0.00;0;30708488891;30708488891;560773;560773;1
2026-06-26;190102;0002;11;SI90;90836134;AD933WS;6;8930.96;0.00;0;30708488891;30708488891;560773;560773;1
2026-06-16;80541;0002;12;SI90;97134694;AH272KN;6;8930.96;0.00;0;30708488891;30708488891;560773;560773;1
2026-06-16;202659;0002;12;SI90;99567025;AE284KH;6;8930.96;0.00;0;30708488891;30708488891;560773;560773;1
2026-06-16;203756;0002;12;SI90;99738109;AE454PH;6;8930.96;0.00;0;30708488891;30708488891;560773;560773;1
2026-06-16;211453;0002;12;SI90;90836134;AD933WS;6;8930.96;0.00;0;30708488891;30708488891;560773;560773;1
2026-06-16;211505;0002;12;SI90;61276153;AH800QR;6;8930.96;0.00;0;30708488891;30708488891;560773;560773;1
2026-06-18;85756;0002;12;SI90;97196290;AD255OC;2;2232.74;0.00;0;30708488891;30708488891;560773;560773;1
2026-06-19;151315;0002;12;SI90;94920955;AE908YL;6;8930.96;0.00;0;30708488891;30708488891;560773;560773;1
2026-06-19;153221;0002;12;SI90;94797663;AE469PL;6;8930.96;0.00;0;30708488891;30708488891;560773;560773;1
2026-06-19;160712;0002;12;SI90;94904121;AD667DM;6;8930.96;0.00;0;30708488891;30708488891;560773;560773;1
2026-06-19;213953;0002;12;SI90;93458913;AH251LE;6;8930.96;0.00;0;30708488891;30708488891;560773;560773;1
2026-06-20;120401;0002;12;SI90;97134694;AH272KN;6;8930.96;0.00;0;30708488891;30708488891;560773;560773;1
2026-06-20;151938;0002;12;SI90;99540243;AF389UV;5;6698.22;0.00;0;30708488891;30708488891;560773;560773;1
2026-06-22;90652;0002;12;SI90;99594918;AA946VU;2;2232.74;0.00;0;30708488891;30708488891;560773;560773;1
2026-06-22;160233;0002;12;SI90;94797663;AE469PL;6;8930.96;0.00;0;30708488891;30708488891;560773;560773;1
2026-06-22;173505;0002;12;SI90;90836134;AD933WS;6;8930.96;0.00;0;30708488891;30708488891;560773;560773;1
2026-06-22;231358;0002;12;SI90;99561570;AF509QF;6;8930.96;0.00;0;30708488891;30708488891;560773;560773;1
2026-06-22;231414;0002;12;SI90;99598699;AF734UP;6;8930.96;0.00;0;30708488891;30708488891;560773;560773;1
2026-06-22;234902;0002;12;SI90;94530188;AD736OU;6;8930.96;0.00;0;30708488891;30708488891;560773;560773;1
2026-06-22;234930;0002;12;SI90;94904121;AD667DM;6;8930.96;0.00;0;30708488891;30708488891;560773;560773;1
2026-06-23;145454;0002;12;SI90;94891934;AE751PA;6;8930.96;0.00;0;30708488891;30708488891;560773;560773;1
2026-06-23;214717;0002;12;SI90;94866586;AD328WK;6;8930.96;0.00;0;30708488891;30708488891;560773;560773;1
2026-06-24;3427;0002;12;SI90;94959737;AF091AI;6;8930.96;0.00;0;30708488891;30708488891;560773;560773;1
2026-06-24;94534;0002;12;SI90;97196290;AD255OC;2;2232.74;0.00;0;30708488891;30708488891;560773;560773;1
2026-06-24;145802;0002;12;SI90;99567025;AE284KH;6;8930.96;0.00;0;30708488891;30708488891;560773;560773;1
2026-06-25;72151;0002;12;SI90;93423682;AH033DL;6;8930.96;0.00;0;30708488891;30708488891;560773;560773;1
2026-06-25;193504;0002;12;SI90;94797663;AE469PL;6;8930.96;0.00;0;30708488891;30708488891;560773;560773;1
2026-06-25;195406;0002;12;SI90;99540243;AF389UV;5;6698.22;0.00;0;30708488891;30708488891;560773;560773;1
2026-06-25;200321;0002;12;SI90;94579785;AD482MT;6;8930.96;0.00;0;30708488891;30708488891;560773;560773;1
2026-06-26;63300;0002;12;SI90;94911721;AE831SI;6;8930.96;0.00;0;30708488891;30708488891;560773;560773;1
2026-06-26;71237;0002;12;SI90;97371592;AG110LK;6;8930.96;0.00;0;30708488891;30708488891;560773;560773;1
2026-06-26;74008;0002;12;SI90;94931038;AE952TH;6;8930.96;0.00;0;30708488891;30708488891;560773;560773;1
2026-06-26;165244;0002;12;SI90;94530188;AD736OU;6;8930.96;0.00;0;30708488891;30708488891;560773;560773;1
2026-06-26;180006;0002;12;SI90;61276153;AH800QR;6;8930.96;0.00;0;30708488891;30708488891;560773;560773;1
2026-06-26;180030;0002;12;SI90;94904121;AD667DM;6;8930.96;0.00;0;30708488891;30708488891;560773;560773;1
2026-06-26;193924;0002;12;SI90;94920955;AE908YL;6;8930.96;0.00;0;30708488891;30708488891;560773;560773;1
2026-06-27;10216;0002;12;SI90;94891934;AE751PA;6;8930.96;0.00;0;30708488891;30708488891;560773;560773;1
2026-06-28;121413;0002;12;SI90;99738109;AE454PH;6;8930.96;0.00;0;30708488891;30708488891;560773;560773;1
2026-06-28;133141;0002;12;SI90;92079954;AF993HK;6;8930.96;0.00;0;30708488891;30708488891;560773;560773;1
2026-06-29;111507;0002;12;SI90;93458913;AH251LE;6;8930.96;0.00;0;30708488891;30708488891;560773;560773;1
2026-06-29;144849;0002;12;SI90;99561570;AF509QF;6;8930.96;0.00;0;30708488891;30708488891;560773;560773;1
2026-06-29;145040;0002;12;SI90;99598699;AF734UP;6;8930.96;0.00;0;30708488891;30708488891;560773;560773;1
2026-06-30;11102;0002;12;SI90;97371592;AG110LK;6;8930.96;0.00;0;30708488891;30708488891;560773;560773;1
2026-06-30;14003;0002;12;SI90;94959737;AF091AI;6;8930.96;0.00;0;30708488891;30708488891;560773;560773;1
2026-06-30;64022;0002;12;SI90;94579785;AD482MT;6;8930.96;0.00;0;30708488891;30708488891;560773;560773;1
2026-06-30;80935;0002;12;SI90;94911721;AE831SI;6;8930.96;0.00;0;30708488891;30708488891;560773;560773;1
2026-06-30;150410;0002;12;SI90;99540243;AF389UV;5;6698.22;0.00;0;30708488891;30708488891;560773;560773;1
2026-06-17;180317;0002;13;SI90;99540243;AF389UV;5;6698.22;0.00;0;30708488891;30708488891;560773;560773;1
2026-06-19;144727;0002;13;SI90;94530188;AD736OU;6;8930.96;0.00;0;30708488891;30708488891;560773;560773;1
2026-06-19;152737;0002;13;SI90;94891934;AE751PA;6;8930.96;0.00;0;30708488891;30708488891;560773;560773;1
2026-06-20;163123;0002;13;SI90;99567025;AE284KH;6;8930.96;0.00;0;30708488891;30708488891;560773;560773;1
2026-06-21;62606;0002;13;SI90;93423682;AH033DL;6;8930.96;0.00;0;30708488891;30708488891;560773;560773;1
2026-06-22;173436;0002;13;SI90;61276153;AH800QR;6;8930.96;0.00;0;30708488891;30708488891;560773;560773;1
2026-06-22;225047;0002;13;SI90;92079954;AF993HK;6;8930.96;0.00;0;30708488891;30708488891;560773;560773;1
2026-06-22;225504;0002;13;SI90;97010413;AE469PH;6;8930.96;0.00;0;30708488891;30708488891;560773;560773;1
2026-06-23;61436;0002;13;SI90;94920955;AE908YL;6;8930.96;0.00;0;30708488891;30708488891;560773;560773;1
2026-06-26;123909;0002;13;SI90;97196290;AD255OC;2;2232.74;0.00;0;30708488891;30708488891;560773;560773;1
2026-06-29;115634;0002;13;SI90;97196290;AD255OC;2;2232.74;0.00;0;30708488891;30708488891;560773;560773;1
2026-06-30;64001;0002;13;SI90;97134694;AH272KN;6;8930.96;0.00;0;30708488891;30708488891;560773;560773;1
2026-06-16;160655;0002;14;SI90;93458913;AH251LE;6;8930.96;0.00;0;30708488891;30708488891;560773;560773;1
2026-06-17;180347;0002;14;SI90;99561570;AF509QF;6;8930.96;0.00;0;30708488891;30708488891;560773;560773;1
2026-06-17;180404;0002;14;SI90;99598699;AF734UP;6;8930.96;0.00;0;30708488891;30708488891;560773;560773;1
2026-06-24;160431;0002;14;SI90;93458913;AH251LE;6;8930.96;0.00;0;30708488891;30708488891;560773;560773;1
2026-06-16;162632;0002;23;SI90;99598699;AF734UP;6;8930.96;0.00;0;30708488891;30708488891;560773;560773;1
2026-06-18;100145;0002;23;SI90;97196290;AD255OC;2;2232.74;0.00;0;30708488891;30708488891;560773;560773;1
2026-06-18;101631;0002;23;SI90;94904121;AD667DM;6;8930.96;0.00;0;30708488891;30708488891;560773;560773;1
2026-06-21;213816;0002;23;SI90;94891934;AE751PA;6;8930.96;0.00;0;30708488891;30708488891;560773;560773;1
2026-06-25;152925;0002;23;SI90;94891934;AE751PA;6;8930.96;0.00;0;30708488891;30708488891;560773;560773;1
2026-06-26;95929;0002;23;SI90;99598699;AF734UP;6;8930.96;0.00;0;30708488891;30708488891;560773;560773;1
2026-06-26;171223;0002;23;SI90;93458913;AH251LE;6;8930.96;0.00;0;30708488891;30708488891;560773;560773;1
2026-06-26;195240;0002;23;SI90;94959737;AF091AI;6;8930.96;0.00;0;30708488891;30708488891;560773;560773;1
2026-06-29;133246;0002;23;SI90;97196290;AD255OC;2;2232.74;0.00;0;30708488891;30708488891;560773;560773;1
2026-06-30;194112;0002;23;SI90;61276153;AH800QR;6;8930.96;0.00;0;30708488891;30708488891;560773;560773;1
2026-06-16;231726;0002;24;SI90;94530188;AD736OU;6;8930.96;0.00;0;30708488891;30708488891;560773;560773;1
2026-06-19;43930;0002;24;SI90;93458913;AH251LE;6;8930.96;0.00;0;30708488891;30708488891;560773;560773;1
2026-06-19;90519;0002;24;SI90;97134694;AH272KN;6;8930.96;0.00;0;30708488891;30708488891;560773;560773;1
2026-06-20;142038;0002;24;SI90;99561570;AF509QF;6;8930.96;0.00;0;30708488891;30708488891;560773;560773;1
2026-06-20;142052;0002;24;SI90;99598699;AF734UP;6;8930.96;0.00;0;30708488891;30708488891;560773;560773;1
2026-06-20;150908;0002;24;SI90;94866586;AD328WK;6;8930.96;0.00;0;30708488891;30708488891;560773;560773;1
2026-06-21;232805;0002;24;SI90;61276153;AH800QR;6;8930.96;0.00;0;30708488891;30708488891;560773;560773;1
2026-06-21;235203;0002;24;SI90;94530188;AD736OU;6;8930.96;0.00;0;30708488891;30708488891;560773;560773;1
2026-06-22;113317;0002;24;SI90;99594918;AA946VU;2;2232.74;0.00;0;30708488891;30708488891;560773;560773;1
2026-06-23;150355;0002;24;SI90;93423682;AH033DL;6;8930.96;0.00;0;30708488891;30708488891;560773;560773;1
2026-06-24;54425;0002;24;SI90;93458913;AH251LE;6;8930.96;0.00;0;30708488891;30708488891;560773;560773;1
2026-06-24;101813;0002;24;SI90;97134694;AH272KN;6;8930.96;0.00;0;30708488891;30708488891;560773;560773;1
2026-06-24;110702;0002;24;SI90;97196290;AD255OC;2;2232.74;0.00;0;30708488891;30708488891;560773;560773;1
2026-06-24;134040;0002;24;SI90;99540243;AF389UV;5;6698.22;0.00;0;30708488891;30708488891;560773;560773;1
2026-06-25;61624;0002;24;SI90;94911721;AE831SI;6;8930.96;0.00;0;30708488891;30708488891;560773;560773;1
2026-06-25;145509;0002;24;SI90;94904121;AD667DM;6;8930.96;0.00;0;30708488891;30708488891;560773;560773;1
2026-06-25;153008;0002;24;SI90;94530188;AD736OU;6;8930.96;0.00;0;30708488891;30708488891;560773;560773;1
2026-06-25;235344;0002;24;SI90;90836134;AD933WS;6;8930.96;0.00;0;30708488891;30708488891;560773;560773;1
2026-06-25;235408;0002;24;SI90;61276153;AH800QR;6;8930.96;0.00;0;30708488891;30708488891;560773;560773;1
2026-06-27;54312;0002;24;SI90;99567025;AE284KH;6;8930.96;0.00;0;30708488891;30708488891;560773;560773;1
2026-06-27;111815;0002;24;SI90;94797663;AE469PL;6;8930.96;0.00;0;30708488891;30708488891;560773;560773;1
2026-06-30;134412;0002;24;SI90;94891934;AE751PA;6;8930.96;0.00;0;30708488891;30708488891;560773;560773;1
2026-06-30;194146;0002;24;SI90;90836134;AD933WS;6;8930.96;0.00;0;30708488891;30708488891;560773;560773;1
2026-06-16;124238;0002;25;SI90;99540243;AF389UV;5;6698.22;0.00;0;30708488891;30708488891;560773;560773;1
2026-06-16;125312;0002;25;SI90;92093802;AD985XP;6;8930.96;0.00;0;30708488891;30708488891;560773;560773;1
2026-06-16;162549;0002;25;SI90;99561570;AF509QF;6;8930.96;0.00;0;30708488891;30708488891;560773;560773;1
2026-06-17;73121;0002;25;SI90;94959737;AF091AI;6;8930.96;0.00;0;30708488891;30708488891;560773;560773;1
2026-06-17;83315;0002;25;SI90;94797663;AE469PL;6;8930.96;0.00;0;30708488891;30708488891;560773;560773;1
2026-06-18;82329;0002;25;SI90;94911721;AE831SI;6;8930.96;0.00;0;30708488891;30708488891;560773;560773;1
2026-06-18;121458;0002;25;SI90;93423682;AH033DL;6;8930.96;0.00;0;30708488891;30708488891;560773;560773;1
2026-06-18;190949;0002;25;SI90;99567025;AE284KH;6;8930.96;0.00;0;30708488891;30708488891;560773;560773;1
2026-06-19;171730;0002;25;SI90;99738109;AE454PH;6;8930.96;0.00;0;30708488891;30708488891;560773;560773;1
2026-06-20;55424;0002;25;SI90;99540243;AF389UV;5;6698.22;0.00;0;30708488891;30708488891;560773;560773;1
2026-06-21;24038;0002;25;SI90;92079954;AF993HK;6;8930.96;0.00;0;30708488891;30708488891;560773;560773;1
2026-06-21;145901;0002;25;SI90;94797663;AE469PL;6;8930.96;0.00;0;30708488891;30708488891;560773;560773;1
2026-06-21;214551;0002;25;SI90;94904121;AD667DM;6;8930.96;0.00;0;30708488891;30708488891;560773;560773;1
2026-06-22;13241;0002;25;SI90;90836134;AD933WS;6;8930.96;0.00;0;30708488891;30708488891;560773;560773;1
2026-06-22;144619;0002;25;SI90;94920955;AE908YL;6;8930.96;0.00;0;30708488891;30708488891;560773;560773;1
2026-06-23;185341;0002;25;SI90;99567025;AE284KH;6;8930.96;0.00;0;30708488891;30708488891;560773;560773;1
2026-06-24;194534;0002;25;SI90;94866586;AD328WK;6;8930.96;0.00;0;30708488891;30708488891;560773;560773;1
2026-06-24;232608;0002;25;SI90;94797663;AE469PL;6;8930.96;0.00;0;30708488891;30708488891;560773;560773;1
2026-06-24;234406;0002;25;SI90;97371592;AG110LK;6;8930.96;0.00;0;30708488891;30708488891;560773;560773;1
2026-06-25;101619;0002;25;SI90;92079954;AF993HK;6;8930.96;0.00;0;30708488891;30708488891;560773;560773;1
2026-06-25;105330;0002;25;SI90;97010413;AE469PH;6;8930.96;0.00;0;30708488891;30708488891;560773;560773;1
2026-06-25;142714;0002;25;SI90;94920955;AE908YL;6;8930.96;0.00;0;30708488891;30708488891;560773;560773;1
2026-06-26;95935;0002;25;SI90;99561570;AF509QF;6;8930.96;0.00;0;30708488891;30708488891;560773;560773;1
2026-06-26;131604;0002;25;SI90;94931038;AE952TH;6;8930.96;0.00;0;30708488891;30708488891;560773;560773;1
2026-06-26;183814;0002;25;SI90;97196290;AD255OC;2;2232.74;0.00;0;30708488891;30708488891;560773;560773;1
2026-06-27;103117;0002;25;SI90;94579785;AD482MT;6;8930.96;0.00;0;30708488891;30708488891;560773;560773;1
2026-06-27;175341;0002;25;SI90;93423682;AH033DL;6;8930.96;0.00;0;30708488891;30708488891;560773;560773;1
2026-06-27;225017;0002;25;SI90;97371592;AG110LK;6;8930.96;0.00;0;30708488891;30708488891;560773;560773;1
2026-06-27;232826;0002;25;SI90;97134694;AH272KN;6;8930.96;0.00;0;30708488891;30708488891;560773;560773;1
2026-06-28;145247;0002;25;SI90;94911721;AE831SI;6;8930.96;0.00;0;30708488891;30708488891;560773;560773;1
2026-06-29;164950;0002;25;SI90;99540243;AF389UV;5;6698.22;0.00;0;30708488891;30708488891;560773;560773;1
2026-06-30;12427;0002;25;SI90;92079954;AF993HK;6;8930.96;0.00;0;30708488891;30708488891;560773;560773;1
2026-06-30;185050;0002;25;SI90;94920955;AE908YL;6;8930.96;0.00;0;30708488891;30708488891;560773;560773;1
2026-06-30;224213;0002;25;SI90;94530188;AD736OU;6;8930.96;0.00;0;30708488891;30708488891;560773;560773;1
2026-06-30;224248;0002;25;SI90;94904121;AD667DM;6;8930.96;0.00;0;30708488891;30708488891;560773;560773;1
2026-06-16;95338;0003;11;SI90;97134694;AH272KN;6;8930.96;0.00;0;30708488891;30708488891;560773;560773;1
2026-06-16;175929;0003;11;SI90;93458913;AH251LE;6;8930.96;0.00;0;30708488891;30708488891;560773;560773;1
2026-06-16;221932;0003;11;SI90;99567025;AE284KH;6;8930.96;0.00;0;30708488891;30708488891;560773;560773;1
2026-06-16;222634;0003;11;SI90;99738109;AE454PH;6;8930.96;0.00;0;30708488891;30708488891;560773;560773;1
2026-06-17;201858;0003;11;SI90;99540243;AF389UV;5;6698.22;0.00;0;30708488891;30708488891;560773;560773;1
2026-06-19;170920;0003;11;SI90;94920955;AE908YL;6;8930.96;0.00;0;30708488891;30708488891;560773;560773;1
2026-06-19;171631;0003;11;SI90;94530188;AD736OU;6;8930.96;0.00;0;30708488891;30708488891;560773;560773;1
2026-06-19;175351;0003;11;SI90;94797663;AE469PL;6;8930.96;0.00;0;30708488891;30708488891;560773;560773;1
2026-06-19;175622;0003;11;SI90;94904121;AD667DM;6;8930.96;0.00;0;30708488891;30708488891;560773;560773;1
2026-06-20;142232;0003;11;SI90;97134694;AH272KN;6;8930.96;0.00;0;30708488891;30708488891;560773;560773;1
2026-06-20;170703;0003;11;SI90;99540243;AF389UV;5;6698.22;0.00;0;30708488891;30708488891;560773;560773;1
2026-06-20;183216;0003;11;SI90;99567025;AE284KH;6;8930.96;0.00;0;30708488891;30708488891;560773;560773;1
2026-06-21;83105;0003;11;SI90;93423682;AH033DL;6;8930.96;0.00;0;30708488891;30708488891;560773;560773;1
2026-06-22;193845;0003;11;SI90;61276153;AH800QR;6;8930.96;0.00;0;30708488891;30708488891;560773;560773;1
2026-06-22;193910;0003;11;SI90;90836134;AD933WS;6;8930.96;0.00;0;30708488891;30708488891;560773;560773;1
2026-06-23;14141;0003;11;SI90;94530188;AD736OU;6;8930.96;0.00;0;30708488891;30708488891;560773;560773;1
2026-06-23;71603;0003;11;SI90;97010413;AE469PH;6;8930.96;0.00;0;30708488891;30708488891;560773;560773;1
2026-06-23;80817;0003;11;SI90;94920955;AE908YL;6;8930.96;0.00;0;30708488891;30708488891;560773;560773;1
2026-06-23;84649;0003;11;SI90;94904121;AD667DM;6;8930.96;0.00;0;30708488891;30708488891;560773;560773;1
2026-06-24;91810;0003;11;SI90;94959737;AF091AI;6;8930.96;0.00;0;30708488891;30708488891;560773;560773;1
2026-06-24;91851;0003;11;SI90;94866586;AD328WK;6;8930.96;0.00;0;30708488891;30708488891;560773;560773;1
2026-06-25;214517;0003;11;SI90;99540243;AF389UV;5;6698.22;0.00;0;30708488891;30708488891;560773;560773;1
2026-06-25;215832;0003;11;SI90;94579785;AD482MT;6;8930.96;0.00;0;30708488891;30708488891;560773;560773;1
2026-06-26;212915;0003;11;SI90;94920955;AE908YL;6;8930.96;0.00;0;30708488891;30708488891;560773;560773;1
2026-06-28;135932;0003;11;SI90;99738109;AE454PH;6;8930.96;0.00;0;30708488891;30708488891;560773;560773;1
2026-06-29;164335;0003;11;SI90;99561570;AF509QF;6;8930.96;0.00;0;30708488891;30708488891;560773;560773;1
2026-06-29;164402;0003;11;SI90;99598699;AF734UP;6;8930.96;0.00;0;30708488891;30708488891;560773;560773;1
2026-06-30;30643;0003;11;SI90;97371592;AG110LK;6;8930.96;0.00;0;30708488891;30708488891;560773;560773;1
2026-06-30;82756;0003;11;SI90;97134694;AH272KN;6;8930.96;0.00;0;30708488891;30708488891;560773;560773;1
2026-06-30;83950;0003;11;SI90;94579785;AD482MT;6;8930.96;0.00;0;30708488891;30708488891;560773;560773;1
2026-06-30;95021;0003;11;SI90;94959737;AF091AI;6;8930.96;0.00;0;30708488891;30708488891;560773;560773;1
2026-06-30;100231;0003;11;SI90;94911721;AE831SI;6;8930.96;0.00;0;30708488891;30708488891;560773;560773;1
2026-06-30;172508;0003;11;SI90;99540243;AF389UV;5;6698.22;0.00;0;30708488891;30708488891;560773;560773;1
2026-06-16;231253;0003;12;SI90;61276153;AH800QR;6;8930.96;0.00;0;30708488891;30708488891;560773;560773;1
2026-06-16;232233;0003;12;SI90;90836134;AD933WS;6;8930.96;0.00;0;30708488891;30708488891;560773;560773;1
2026-06-17;195053;0003;12;SI90;99561570;AF509QF;6;8930.96;0.00;0;30708488891;30708488891;560773;560773;1
2026-06-19;32754;0003;12;SI90;92079954;AF993HK;6;8930.96;0.00;0;30708488891;30708488891;560773;560773;1
2026-06-19;171437;0003;12;SI90;94891934;AE751PA;6;8930.96;0.00;0;30708488891;30708488891;560773;560773;1
2026-06-20;41528;0003;12;SI90;93458913;AH251LE;6;8930.96;0.00;0;30708488891;30708488891;560773;560773;1
2026-06-22;174705;0003;12;SI90;94797663;AE469PL;6;8930.96;0.00;0;30708488891;30708488891;560773;560773;1
2026-06-23;10434;0003;12;SI90;92079954;AF993HK;6;8930.96;0.00;0;30708488891;30708488891;560773;560773;1
2026-06-23;101655;0003;12;SI90;99561570;AF509QF;6;8930.96;0.00;0;30708488891;30708488891;560773;560773;1
2026-06-23;101707;0003;12;SI90;99598699;AF734UP;6;8930.96;0.00;0;30708488891;30708488891;560773;560773;1
2026-06-23;165230;0003;12;SI90;94891934;AE751PA;6;8930.96;0.00;0;30708488891;30708488891;560773;560773;1
2026-06-24;163953;0003;12;SI90;94866586;AD328WK;6;8930.96;0.00;0;30708488891;30708488891;560773;560773;1
2026-06-24;165222;0003;12;SI90;99567025;AE284KH;6;8930.96;0.00;0;30708488891;30708488891;560773;560773;1
2026-06-25;94954;0003;12;SI90;93423682;AH033DL;6;8930.96;0.00;0;30708488891;30708488891;560773;560773;1
2026-06-25;181253;0003;12;SI90;97134694;AH272KN;6;8930.96;0.00;0;30708488891;30708488891;560773;560773;1
2026-06-25;212230;0003;12;SI90;94797663;AE469PL;6;8930.96;0.00;0;30708488891;30708488891;560773;560773;1
2026-06-26;92737;0003;12;SI90;97371592;AG110LK;6;8930.96;0.00;0;30708488891;30708488891;560773;560773;1
2026-06-26;195443;0003;12;SI90;94904121;AD667DM;6;8930.96;0.00;0;30708488891;30708488891;560773;560773;1
2026-06-27;25300;0003;12;SI90;94891934;AE751PA;6;8930.96;0.00;0;30708488891;30708488891;560773;560773;1
2026-06-28;153112;0003;12;SI90;92079954;AF993HK;6;8930.96;0.00;0;30708488891;30708488891;560773;560773;1
2026-06-29;130552;0003;12;SI90;93458913;AH251LE;6;8930.96;0.00;0;30708488891;30708488891;560773;560773;1
2026-06-17;195139;0003;13;SI90;99598699;AF734UP;6;8930.96;0.00;0;30708488891;30708488891;560773;560773;1
2026-06-24;202629;0003;13;SI90;93458913;AH251LE;6;8930.96;0.00;0;30708488891;30708488891;560773;560773;1
2026-06-26;82535;0003;13;SI90;94911721;AE831SI;6;8930.96;0.00;0;30708488891;30708488891;560773;560773;1
2026-06-26;134308;0003;13;SI90;97196290;AD255OC;2;2232.74;0.00;0;30708488891;30708488891;560773;560773;1
2026-06-26;185627;0003;13;SI90;94530188;AD736OU;6;8930.96;0.00;0;30708488891;30708488891;560773;560773;1
2026-06-26;203206;0003;13;SI90;61276153;AH800QR;6;8930.96;0.00;0;30708488891;30708488891;560773;560773;1
2026-06-26;204934;0003;13;SI90;90836134;AD933WS;6;8930.96;0.00;0;30708488891;30708488891;560773;560773;1
2026-06-21;194935;0003;23;SI90;94891934;AE751PA;6;8930.96;0.00;0;30708488891;30708488891;560773;560773;1
2026-06-27;213206;0003;23;SI90;97134694;AH272KN;6;8930.96;0.00;0;30708488891;30708488891;560773;560773;1
2026-06-16;105142;0003;24;SI90;99540243;AF389UV;5;6698.22;0.00;0;30708488891;30708488891;560773;560773;1
2026-06-16;214718;0003;24;SI90;94959737;AF091AI;6;8930.96;0.00;0;30708488891;30708488891;560773;560773;1
2026-06-18;121601;0003;24;SI90;94920955;AE908YL;6;8930.96;0.00;0;30708488891;30708488891;560773;560773;1
2026-06-18;223456;0003;24;SI90;93458913;AH251LE;6;8930.96;0.00;0;30708488891;30708488891;560773;560773;1
2026-06-19;64613;0003;24;SI90;97134694;AH272KN;6;8930.96;0.00;0;30708488891;30708488891;560773;560773;1
2026-06-19;213500;0003;24;SI90;99540243;AF389UV;5;6698.22;0.00;0;30708488891;30708488891;560773;560773;1
2026-06-20;115454;0003;24;SI90;99561570;AF509QF;6;8930.96;0.00;0;30708488891;30708488891;560773;560773;1
2026-06-20;115557;0003;24;SI90;99598699;AF734UP;6;8930.96;0.00;0;30708488891;30708488891;560773;560773;1
2026-06-21;2304;0003;24;SI90;92079954;AF993HK;6;8930.96;0.00;0;30708488891;30708488891;560773;560773;1
2026-06-21;215643;0003;24;SI90;94530188;AD736OU;6;8930.96;0.00;0;30708488891;30708488891;560773;560773;1
2026-06-21;233819;0003;24;SI90;90836134;AD933WS;6;8930.96;0.00;0;30708488891;30708488891;560773;560773;1
2026-06-23;234151;0003;24;SI90;93458913;AH251LE;6;8930.96;0.00;0;30708488891;30708488891;560773;560773;1
2026-06-24;75951;0003;24;SI90;97134694;AH272KN;6;8930.96;0.00;0;30708488891;30708488891;560773;560773;1
2026-06-24;105542;0003;24;SI90;94866586;AD328WK;6;8930.96;0.00;0;30708488891;30708488891;560773;560773;1
2026-06-25;14905;0003;24;SI90;92079954;AF993HK;6;8930.96;0.00;0;30708488891;30708488891;560773;560773;1
2026-06-25;132050;0003;24;SI90;94530188;AD736OU;6;8930.96;0.00;0;30708488891;30708488891;560773;560773;1
2026-06-25;132100;0003;24;SI90;94891934;AE751PA;6;8930.96;0.00;0;30708488891;30708488891;560773;560773;1
2026-06-25;210009;0003;24;SI90;90836134;AD933WS;6;8930.96;0.00;0;30708488891;30708488891;560773;560773;1
2026-06-26;122200;0003;24;SI90;93458913;AH251LE;6;8930.96;0.00;0;30708488891;30708488891;560773;560773;1
2026-06-26;171648;0003;24;SI90;97196290;AD255OC;2;2232.74;0.00;0;30708488891;30708488891;560773;560773;1
2026-06-27;32807;0003;24;SI90;99567025;AE284KH;6;8930.96;0.00;0;30708488891;30708488891;560773;560773;1
2026-06-27;83937;0003;24;SI90;94579785;AD482MT;6;8930.96;0.00;0;30708488891;30708488891;560773;560773;1
2026-06-27;203025;0003;24;SI90;97371592;AG110LK;6;8930.96;0.00;0;30708488891;30708488891;560773;560773;1
2026-06-29;145044;0003;24;SI90;99540243;AF389UV;5;6698.22;0.00;0;30708488891;30708488891;560773;560773;1
2026-06-30;165957;0003;24;SI90;94920955;AE908YL;6;8930.96;0.00;0;30708488891;30708488891;560773;560773;1
2026-06-30;230510;0003;24;SI90;99738109;AE454PH;6;8930.96;0.00;0;30708488891;30708488891;560773;560773;1
2026-06-16;143407;0003;25;SI90;99561570;AF509QF;6;8930.96;0.00;0;30708488891;30708488891;560773;560773;1
2026-06-16;143447;0003;25;SI90;99598699;AF734UP;6;8930.96;0.00;0;30708488891;30708488891;560773;560773;1
2026-06-16;202252;0003;25;SI90;94530188;AD736OU;6;8930.96;0.00;0;30708488891;30708488891;560773;560773;1
2026-06-17;64634;0003;25;SI90;94797663;AE469PL;6;8930.96;0.00;0;30708488891;30708488891;560773;560773;1
2026-06-18;63001;0003;25;SI90;94911721;AE831SI;6;8930.96;0.00;0;30708488891;30708488891;560773;560773;1
2026-06-18;82157;0003;25;SI90;94904121;AD667DM;6;8930.96;0.00;0;30708488891;30708488891;560773;560773;1
2026-06-18;102101;0003;25;SI90;93423682;AH033DL;6;8930.96;0.00;0;30708488891;30708488891;560773;560773;1
2026-06-18;170137;0003;25;SI90;99567025;AE284KH;6;8930.96;0.00;0;30708488891;30708488891;560773;560773;1
2026-06-19;153140;0003;25;SI90;99738109;AE454PH;6;8930.96;0.00;0;30708488891;30708488891;560773;560773;1
2026-06-20;124751;0003;25;SI90;94866586;AD328WK;6;8930.96;0.00;0;30708488891;30708488891;560773;560773;1
2026-06-21;195415;0003;25;SI90;94904121;AD667DM;6;8930.96;0.00;0;30708488891;30708488891;560773;560773;1
2026-06-21;213018;0003;25;SI90;61276153;AH800QR;6;8930.96;0.00;0;30708488891;30708488891;560773;560773;1
2026-06-22;124910;0003;25;SI90;94920955;AE908YL;6;8930.96;0.00;0;30708488891;30708488891;560773;560773;1
2026-06-23;130545;0003;25;SI90;93423682;AH033DL;6;8930.96;0.00;0;30708488891;30708488891;560773;560773;1
2026-06-23;163735;0003;25;SI90;99567025;AE284KH;6;8930.96;0.00;0;30708488891;30708488891;560773;560773;1
2026-06-24;114126;0003;25;SI90;99540243;AF389UV;5;6698.22;0.00;0;30708488891;30708488891;560773;560773;1
2026-06-24;175309;0003;25;SI90;94866586;AD328WK;6;8930.96;0.00;0;30708488891;30708488891;560773;560773;1
2026-06-24;210514;0003;25;SI90;94911721;AE831SI;6;8930.96;0.00;0;30708488891;30708488891;560773;560773;1
2026-06-24;211717;0003;25;SI90;94797663;AE469PL;6;8930.96;0.00;0;30708488891;30708488891;560773;560773;1
2026-06-24;215100;0003;25;SI90;97371592;AG110LK;6;8930.96;0.00;0;30708488891;30708488891;560773;560773;1
2026-06-25;85908;0003;25;SI90;97010413;AE469PH;6;8930.96;0.00;0;30708488891;30708488891;560773;560773;1
2026-06-25;123056;0003;25;SI90;94920955;AE908YL;6;8930.96;0.00;0;30708488891;30708488891;560773;560773;1
2026-06-25;124433;0003;25;SI90;94904121;AD667DM;6;8930.96;0.00;0;30708488891;30708488891;560773;560773;1
2026-06-25;215807;0003;25;SI90;61276153;AH800QR;6;8930.96;0.00;0;30708488891;30708488891;560773;560773;1
2026-06-26;73954;0003;25;SI90;99561570;AF509QF;6;8930.96;0.00;0;30708488891;30708488891;560773;560773;1
2026-06-26;74023;0003;25;SI90;99598699;AF734UP;6;8930.96;0.00;0;30708488891;30708488891;560773;560773;1
2026-06-26;180006;0003;25;SI90;94959737;AF091AI;6;8930.96;0.00;0;30708488891;30708488891;560773;560773;1
2026-06-27;92652;0003;25;SI90;94797663;AE469PL;6;8930.96;0.00;0;30708488891;30708488891;560773;560773;1
2026-06-27;155747;0003;25;SI90;93423682;AH033DL;6;8930.96;0.00;0;30708488891;30708488891;560773;560773;1
2026-06-28;125934;0003;25;SI90;94911721;AE831SI;6;8930.96;0.00;0;30708488891;30708488891;560773;560773;1
2026-06-29;232754;0003;25;SI90;92079954;AF993HK;6;8930.96;0.00;0;30708488891;30708488891;560773;560773;1
2026-06-30;113532;0003;25;SI90;94891934;AE751PA;6;8930.96;0.00;0;30708488891;30708488891;560773;560773;1
2026-06-30;173812;0003;25;SI90;90836134;AD933WS;6;8930.96;0.00;0;30708488891;30708488891;560773;560773;1
2026-06-30;173828;0003;25;SI90;61276153;AH800QR;6;8930.96;0.00;0;30708488891;30708488891;560773;560773;1
2026-06-30;201108;0003;25;SI90;94904121;AD667DM;6;8930.96;0.00;0;30708488891;30708488891;560773;560773;1
2026-06-16;194537;0004;12;SI90;93458913;AH251LE;6;8930.96;0.00;0;30708488891;30708488891;560773;560773;1
2026-06-17;125;0004;12;SI90;99567025;AE284KH;6;8930.96;0.00;0;30708488891;30708488891;560773;560773;1
2026-06-17;5808;0004;12;SI90;61276153;AH800QR;6;8930.96;0.00;0;30708488891;30708488891;560773;560773;1
2026-06-17;5830;0004;12;SI90;90836134;AD933WS;6;8930.96;0.00;0;30708488891;30708488891;560773;560773;1
2026-06-17;80817;0004;12;SI90;99738109;AE454PH;6;8930.96;0.00;0;30708488891;30708488891;560773;560773;1
2026-06-17;212739;0004;12;SI90;99561570;AF509QF;6;8930.96;0.00;0;30708488891;30708488891;560773;560773;1
2026-06-17;212756;0004;12;SI90;99598699;AF734UP;6;8930.96;0.00;0;30708488891;30708488891;560773;560773;1
2026-06-17;215738;0004;12;SI90;99540243;AF389UV;5;6698.22;0.00;0;30708488891;30708488891;560773;560773;1
2026-06-19;95242;0004;12;SI90;92079954;AF993HK;6;8930.96;0.00;0;30708488891;30708488891;560773;560773;1
2026-06-19;184530;0004;12;SI90;94920955;AE908YL;6;8930.96;0.00;0;30708488891;30708488891;560773;560773;1
2026-06-19;185556;0004;12;SI90;94530188;AD736OU;6;8930.96;0.00;0;30708488891;30708488891;560773;560773;1
2026-06-19;192956;0004;12;SI90;94797663;AE469PL;6;8930.96;0.00;0;30708488891;30708488891;560773;560773;1
2026-06-19;193310;0004;12;SI90;94904121;AD667DM;6;8930.96;0.00;0;30708488891;30708488891;560773;560773;1
2026-06-20;61039;0004;12;SI90;93458913;AH251LE;6;8930.96;0.00;0;30708488891;30708488891;560773;560773;1
2026-06-20;155757;0004;12;SI90;97134694;AH272KN;6;8930.96;0.00;0;30708488891;30708488891;560773;560773;1
2026-06-20;184248;0004;12;SI90;99540243;AF389UV;5;6698.22;0.00;0;30708488891;30708488891;560773;560773;1
2026-06-20;203954;0004;12;SI90;99567025;AE284KH;6;8930.96;0.00;0;30708488891;30708488891;560773;560773;1
2026-06-22;193523;0004;12;SI90;94797663;AE469PL;6;8930.96;0.00;0;30708488891;30708488891;560773;560773;1
2026-06-23;53643;0004;12;SI90;90836134;AD933WS;6;8930.96;0.00;0;30708488891;30708488891;560773;560773;1
2026-06-23;53657;0004;12;SI90;61276153;AH800QR;6;8930.96;0.00;0;30708488891;30708488891;560773;560773;1
2026-06-23;74222;0004;12;SI90;92079954;AF993HK;6;8930.96;0.00;0;30708488891;30708488891;560773;560773;1
2026-06-23;90448;0004;12;SI90;97010413;AE469PH;6;8930.96;0.00;0;30708488891;30708488891;560773;560773;1
2026-06-23;94617;0004;12;SI90;94920955;AE908YL;6;8930.96;0.00;0;30708488891;30708488891;560773;560773;1
2026-06-23;115641;0004;12;SI90;99561570;AF509QF;6;8930.96;0.00;0;30708488891;30708488891;560773;560773;1
2026-06-23;115658;0004;12;SI90;99598699;AF734UP;6;8930.96;0.00;0;30708488891;30708488891;560773;560773;1
2026-06-23;183134;0004;12;SI90;94891934;AE751PA;6;8930.96;0.00;0;30708488891;30708488891;560773;560773;1
2026-06-24;113316;0004;12;SI90;94959737;AF091AI;6;8930.96;0.00;0;30708488891;30708488891;560773;560773;1
2026-06-24;183655;0004;12;SI90;99567025;AE284KH;6;8930.96;0.00;0;30708488891;30708488891;560773;560773;1
2026-06-24;220201;0004;12;SI90;93458913;AH251LE;6;8930.96;0.00;0;30708488891;30708488891;560773;560773;1
2026-06-25;114945;0004;12;SI90;93423682;AH033DL;6;8930.96;0.00;0;30708488891;30708488891;560773;560773;1
2026-06-25;234514;0004;12;SI90;99540243;AF389UV;5;6698.22;0.00;0;30708488891;30708488891;560773;560773;1
2026-06-25;234707;0004;12;SI90;94579785;AD482MT;6;8930.96;0.00;0;30708488891;30708488891;560773;560773;1
2026-06-25;235921;0004;12;SI90;94797663;AE469PL;6;8930.96;0.00;0;30708488891;30708488891;560773;560773;1
2026-06-26;102206;0004;12;SI90;94911721;AE831SI;6;8930.96;0.00;0;30708488891;30708488891;560773;560773;1
2026-06-26;110832;0004;12;SI90;97371592;AG110LK;6;8930.96;0.00;0;30708488891;30708488891;560773;560773;1
2026-06-26;220100;0004;12;SI90;94904121;AD667DM;6;8930.96;0.00;0;30708488891;30708488891;560773;560773;1
2026-06-26;224628;0004;12;SI90;90836134;AD933WS;6;8930.96;0.00;0;30708488891;30708488891;560773;560773;1
2026-06-26;231043;0004;12;SI90;94920955;AE908YL;6;8930.96;0.00;0;30708488891;30708488891;560773;560773;1
2026-06-28;171554;0004;12;SI90;92079954;AF993HK;6;8930.96;0.00;0;30708488891;30708488891;560773;560773;1
2026-06-29;182315;0004;12;SI90;99598699;AF734UP;6;8930.96;0.00;0;30708488891;30708488891;560773;560773;1
2026-06-30;45303;0004;12;SI90;97371592;AG110LK;6;8930.96;0.00;0;30708488891;30708488891;560773;560773;1
2026-06-30;100258;0004;12;SI90;97134694;AH272KN;6;8930.96;0.00;0;30708488891;30708488891;560773;560773;1
2026-06-30;102451;0004;12;SI90;94579785;AD482MT;6;8930.96;0.00;0;30708488891;30708488891;560773;560773;1
2026-06-30;120342;0004;12;SI90;94911721;AE831SI;6;8930.96;0.00;0;30708488891;30708488891;560773;560773;1
2026-06-30;191317;0004;12;SI90;99540243;AF389UV;5;6698.22;0.00;0;30708488891;30708488891;560773;560773;1
2026-06-16;113104;0004;13;SI90;97134694;AH272KN;6;8930.96;0.00;0;30708488891;30708488891;560773;560773;1
2026-06-19;185507;0004;13;SI90;94891934;AE751PA;6;8930.96;0.00;0;30708488891;30708488891;560773;560773;1
2026-06-21;101110;0004;13;SI90;93423682;AH033DL;6;8930.96;0.00;0;30708488891;30708488891;560773;560773;1
2026-06-23;110134;0004;13;SI90;94530188;AD736OU;6;8930.96;0.00;0;30708488891;30708488891;560773;560773;1
2026-06-23;110146;0004;13;SI90;94904121;AD667DM;6;8930.96;0.00;0;30708488891;30708488891;560773;560773;1
2026-06-25;200642;0004;13;SI90;97134694;AH272KN;6;8930.96;0.00;0;30708488891;30708488891;560773;560773;1
2026-06-26;144118;0004;13;SI90;97196290;AD255OC;2;2232.74;0.00;0;30708488891;30708488891;560773;560773;1
2026-06-26;202917;0004;13;SI90;94530188;AD736OU;6;8930.96;0.00;0;30708488891;30708488891;560773;560773;1
2026-06-26;221755;0004;13;SI90;61276153;AH800QR;6;8930.96;0.00;0;30708488891;30708488891;560773;560773;1
2026-06-27;44047;0004;13;SI90;94891934;AE751PA;6;8930.96;0.00;0;30708488891;30708488891;560773;560773;1
2026-06-28;184908;0004;13;SI90;99738109;AE454PH;6;8930.96;0.00;0;30708488891;30708488891;560773;560773;1
2026-06-29;182259;0004;13;SI90;99561570;AF509QF;6;8930.96;0.00;0;30708488891;30708488891;560773;560773;1
2026-06-29;193715;0004;13;SI90;93458913;AH251LE;6;8930.96;0.00;0;30708488891;30708488891;560773;560773;1
2026-06-30;113718;0004;13;SI90;94959737;AF091AI;6;8930.96;0.00;0;30708488891;30708488891;560773;560773;1
2026-06-19;193633;0004;22;SI90;99540243;AF389UV;5;6698.22;0.00;0;30708488891;30708488891;560773;560773;1
2026-06-25;200239;0004;22;SI90;61276153;AH800QR;6;8930.96;0.00;0;30708488891;30708488891;560773;560773;1
2026-06-25;231827;0004;22;SI90;99598699;AF734UP;6;8930.96;0.00;0;30708488891;30708488891;560773;560773;1
2026-06-16;120609;0004;23;SI90;99598699;AF734UP;6;8930.96;0.00;0;30708488891;30708488891;560773;560773;1
2026-06-16;120631;0004;23;SI90;99561570;AF509QF;6;8930.96;0.00;0;30708488891;30708488891;560773;560773;1
2026-06-16;215553;0004;23;SI90;94797663;AE469PL;6;8930.96;0.00;0;30708488891;30708488891;560773;560773;1
2026-06-18;103257;0004;23;SI90;94920955;AE908YL;6;8930.96;0.00;0;30708488891;30708488891;560773;560773;1
2026-06-18;202208;0004;23;SI90;93458913;AH251LE;6;8930.96;0.00;0;30708488891;30708488891;560773;560773;1
2026-06-19;50521;0004;23;SI90;97134694;AH272KN;6;8930.96;0.00;0;30708488891;30708488891;560773;560773;1
2026-06-19;134058;0004;23;SI90;99738109;AE454PH;6;8930.96;0.00;0;30708488891;30708488891;560773;560773;1
2026-06-20;101628;0004;23;SI90;99561570;AF509QF;6;8930.96;0.00;0;30708488891;30708488891;560773;560773;1
2026-06-20;101643;0004;23;SI90;99598699;AF734UP;6;8930.96;0.00;0;30708488891;30708488891;560773;560773;1
2026-06-20;102122;0004;23;SI90;94866586;AD328WK;6;8930.96;0.00;0;30708488891;30708488891;560773;560773;1
2026-06-20;222831;0004;23;SI90;92079954;AF993HK;6;8930.96;0.00;0;30708488891;30708488891;560773;560773;1
2026-06-21;113700;0004;23;SI90;94797663;AE469PL;6;8930.96;0.00;0;30708488891;30708488891;560773;560773;1
2026-06-21;175441;0004;23;SI90;94904121;AD667DM;6;8930.96;0.00;0;30708488891;30708488891;560773;560773;1
2026-06-21;181224;0004;23;SI90;94891934;AE751PA;6;8930.96;0.00;0;30708488891;30708488891;560773;560773;1
2026-06-21;192534;0004;23;SI90;61276153;AH800QR;6;8930.96;0.00;0;30708488891;30708488891;560773;560773;1
2026-06-21;202120;0004;23;SI90;94530188;AD736OU;6;8930.96;0.00;0;30708488891;30708488891;560773;560773;1
2026-06-21;215858;0004;23;SI90;90836134;AD933WS;6;8930.96;0.00;0;30708488891;30708488891;560773;560773;1
2026-06-22;105627;0004;23;SI90;94920955;AE908YL;6;8930.96;0.00;0;30708488891;30708488891;560773;560773;1
2026-06-24;191430;0004;23;SI90;94911721;AE831SI;6;8930.96;0.00;0;30708488891;30708488891;560773;560773;1
2026-06-24;200910;0004;23;SI90;97371592;AG110LK;6;8930.96;0.00;0;30708488891;30708488891;560773;560773;1
2026-06-25;72253;0004;23;SI90;97010413;AE469PH;6;8930.96;0.00;0;30708488891;30708488891;560773;560773;1
2026-06-25;100637;0004;23;SI90;94530188;AD736OU;6;8930.96;0.00;0;30708488891;30708488891;560773;560773;1
2026-06-25;100700;0004;23;SI90;94891934;AE751PA;6;8930.96;0.00;0;30708488891;30708488891;560773;560773;1
2026-06-25;103904;0004;23;SI90;94904121;AD667DM;6;8930.96;0.00;0;30708488891;30708488891;560773;560773;1
2026-06-25;191441;0004;23;SI90;90836134;AD933WS;6;8930.96;0.00;0;30708488891;30708488891;560773;560773;1
2026-06-25;221045;0004;23;SI90;99561570;AF509QF;6;8930.96;0.00;0;30708488891;30708488891;560773;560773;1
2026-06-26;102335;0004;23;SI90;93458913;AH251LE;6;8930.96;0.00;0;30708488891;30708488891;560773;560773;1
2026-06-26;162132;0004;23;SI90;94959737;AF091AI;6;8930.96;0.00;0;30708488891;30708488891;560773;560773;1
2026-06-27;13405;0004;23;SI90;99567025;AE284KH;6;8930.96;0.00;0;30708488891;30708488891;560773;560773;1
2026-06-27;193822;0004;23;SI90;97134694;AH272KN;6;8930.96;0.00;0;30708488891;30708488891;560773;560773;1
2026-06-30;151746;0004;23;SI90;94920955;AE908YL;6;8930.96;0.00;0;30708488891;30708488891;560773;560773;1
2026-06-30;170039;0004;23;SI90;94530188;AD736OU;6;8930.96;0.00;0;30708488891;30708488891;560773;560773;1
2026-06-30;181603;0004;23;SI90;94904121;AD667DM;6;8930.96;0.00;0;30708488891;30708488891;560773;560773;1
2026-06-30;213125;0004;23;SI90;99738109;AE454PH;6;8930.96;0.00;0;30708488891;30708488891;560773;560773;1
2026-06-16;82037;0004;24;SI90;99540243;AF389UV;5;6698.22;0.00;0;30708488891;30708488891;560773;560773;1
2026-06-16;182528;0004;24;SI90;94530188;AD736OU;6;8930.96;0.00;0;30708488891;30708488891;560773;560773;1
2026-06-16;194711;0004;24;SI90;94959737;AF091AI;6;8930.96;0.00;0;30708488891;30708488891;560773;560773;1
2026-06-17;222738;0004;24;SI90;94911721;AE831SI;6;8930.96;0.00;0;30708488891;30708488891;560773;560773;1
2026-06-18;62916;0004;24;SI90;94904121;AD667DM;6;8930.96;0.00;0;30708488891;30708488891;560773;560773;1
2026-06-18;80521;0004;24;SI90;93423682;AH033DL;6;8930.96;0.00;0;30708488891;30708488891;560773;560773;1
2026-06-18;150547;0004;24;SI90;99567025;AE284KH;6;8930.96;0.00;0;30708488891;30708488891;560773;560773;1
2026-06-23;105452;0004;24;SI90;93423682;AH033DL;6;8930.96;0.00;0;30708488891;30708488891;560773;560773;1
2026-06-23;144207;0004;24;SI90;99567025;AE284KH;6;8930.96;0.00;0;30708488891;30708488891;560773;560773;1
2026-06-23;215042;0004;24;SI90;93458913;AH251LE;6;8930.96;0.00;0;30708488891;30708488891;560773;560773;1
2026-06-23;223549;0004;24;SI90;97134694;AH272KN;6;8930.96;0.00;0;30708488891;30708488891;560773;560773;1
2026-06-24;90755;0004;24;SI90;99540243;AF389UV;5;6698.22;0.00;0;30708488891;30708488891;560773;560773;1
2026-06-24;174949;0004;24;SI90;94797663;AE469PL;6;8930.96;0.00;0;30708488891;30708488891;560773;560773;1
2026-06-25;51207;0004;24;SI90;94920955;AE908YL;6;8930.96;0.00;0;30708488891;30708488891;560773;560773;1
2026-06-26;161453;0004;24;SI90;97196290;AD255OC;2;2232.74;0.00;0;30708488891;30708488891;560773;560773;1
2026-06-26;231405;0004;24;SI90;94797663;AE469PL;6;8930.96;0.00;0;30708488891;30708488891;560773;560773;1
2026-06-27;15626;0004;24;SI90;94579785;AD482MT;6;8930.96;0.00;0;30708488891;30708488891;560773;560773;1
2026-06-27;141137;0004;24;SI90;93423682;AH033DL;6;8930.96;0.00;0;30708488891;30708488891;560773;560773;1
2026-06-27;183138;0004;24;SI90;97371592;AG110LK;6;8930.96;0.00;0;30708488891;30708488891;560773;560773;1
2026-06-28;100626;0004;24;SI90;94911721;AE831SI;6;8930.96;0.00;0;30708488891;30708488891;560773;560773;1
2026-06-29;125621;0004;24;SI90;99540243;AF389UV;5;6698.22;0.00;0;30708488891;30708488891;560773;560773;1
2026-06-29;213358;0004;24;SI90;92079954;AF993HK;6;8930.96;0.00;0;30708488891;30708488891;560773;560773;1
2026-06-30;95045;0004;24;SI90;94891934;AE751PA;6;8930.96;0.00;0;30708488891;30708488891;560773;560773;1
2026-06-30;155213;0004;24;SI90;90836134;AD933WS;6;8930.96;0.00;0;30708488891;30708488891;560773;560773;1
2026-06-30;155231;0004;24;SI90;61276153;AH800QR;6;8930.96;0.00;0;30708488891;30708488891;560773;560773;1
