file_upload_name,relative_folder,source_root,expected_empresa_id,expected_empresa_nombre,ambiguous,note
pasadas_2026-07-15_5364164.csv,AUBASA/pasadas_2026-07-15_5364164.csv,downloads,75d868b4-aef5-409a-8d12-973506656811,AUBASA,false,
pasadas_2026-07-15_5364164_testing.csv,AUBASA/pasadas_2026-07-15_5364164_testing.csv,downloads,,,false,skip_testing
pasadas_2026-07-15_5364165.csv,AUBASA/pasadas_2026-07-15_5364165.csv,downloads,75d868b4-aef5-409a-8d12-973506656811,AUBASA,false,
pasadas_2026-07-08_5009A02027769.csv,AUSA/pasadas_2026-07-08_5009A02027769.csv,downloads,710f497d-7fa6-4259-b8dc-16fb1b3b1468,AUSA,false,
pasadas_2026-07-15_5009A02037760.csv,AUSA/pasadas_2026-07-15_5009A02037760.csv,downloads,710f497d-7fa6-4259-b8dc-16fb1b3b1468,AUSA,false,
pasadas_2026-07-15_5009A02037803.csv,AUSA/pasadas_2026-07-15_5009A02037803.csv,downloads,710f497d-7fa6-4259-b8dc-16fb1b3b1468,AUSA,false,
pasadas_2026-07-23_5009A02044703.csv,AUSA/pasadas_2026-07-23_5009A02044703.csv,downloads,710f497d-7fa6-4259-b8dc-16fb1b3b1468,AUSA,false,
pasadas_2026-07-29_5009A02052902.csv,AUSA/pasadas_2026-07-29_5009A02052902.csv,downloads,710f497d-7fa6-4259-b8dc-16fb1b3b1468,AUSA,false,
pasadas_2026-07-29_5009A02060191.csv,AUSA/pasadas_2026-07-29_5009A02060191.csv,downloads,710f497d-7fa6-4259-b8dc-16fb1b3b1468,AUSA,false,
pasadas_2026-07-16_493556.csv,AUSOL/pasadas_2026-07-16_493556.csv,downloads,4951e389-42d4-477b-a442-83196cf67790,AUSOL,false,
pasadas_2026-07-16_493557.csv,AUSOL/pasadas_2026-07-16_493557.csv,downloads,4951e389-42d4-477b-a442-83196cf67790,AUSOL,false,
pasadas_2026-07-16_329454.csv,AUTO-OESTE/pasadas_2026-07-16_329454.csv,downloads,e1f63baf-c084-4d4d-801d-245665ff531b,AUTOPISTA DEL OESTE,false,
pasadas_2026-07-16_343555.csv,AUTO-OESTE/pasadas_2026-07-16_343555.csv,downloads,e1f63baf-c084-4d4d-801d-245665ff531b,AUTOPISTA DEL OESTE,false,
pasadas_2026-07-03_3305880.csv,CVSA/pasadas_2026-07-03_3305880.csv,downloads,3744bd1a-a659-41de-8b64-90f9cf74ee1f,CORREDORES VIALES SA,false,
pasadas_2026-07-03_3313955.csv,CVSA/pasadas_2026-07-03_3313955.csv,downloads,3744bd1a-a659-41de-8b64-90f9cf74ee1f,CORREDORES VIALES SA,false,
pasadas_2026-07-01_79157.csv,MERCOSUR/julio/pasadas_2026-07-01_79157.csv,downloads,37ab9246-a07a-40b5-b62d-7a8b8e7782db,AUTOVIA DEL MERCOSUR,false,
pasadas_2026-07-01_79158.csv,MERCOSUR/julio/pasadas_2026-07-01_79158.csv,downloads,37ab9246-a07a-40b5-b62d-7a8b8e7782db,AUTOVIA DEL MERCOSUR,false,
pasadas_2026-07-16_30415.csv,MERCOSUR/julio/pasadas_2026-07-16_30415.csv,downloads,37ab9246-a07a-40b5-b62d-7a8b8e7782db,AUTOVIA DEL MERCOSUR,false,
pasadas_2026-07-16_30416.csv,MERCOSUR/julio/pasadas_2026-07-16_30416.csv,downloads,37ab9246-a07a-40b5-b62d-7a8b8e7782db,AUTOVIA DEL MERCOSUR,false,
pasadas_2026-07-16_45107.csv,MERCOSUR/julio/pasadas_2026-07-16_45107.csv,downloads,37ab9246-a07a-40b5-b62d-7a8b8e7782db,AUTOVIA DEL MERCOSUR,false,
pasadas_2026-07-16_45108.csv,MERCOSUR/julio/pasadas_2026-07-16_45108.csv,downloads,37ab9246-a07a-40b5-b62d-7a8b8e7782db,AUTOVIA DEL MERCOSUR,false,
pasadas_2026-07-16_54922.csv,MERCOSUR/julio/pasadas_2026-07-16_54922.csv,downloads,37ab9246-a07a-40b5-b62d-7a8b8e7782db,AUTOVIA DEL MERCOSUR,false,
pasadas_2026-07-16_54923.csv,MERCOSUR/julio/pasadas_2026-07-16_54923.csv,downloads,37ab9246-a07a-40b5-b62d-7a8b8e7782db,AUTOVIA DEL MERCOSUR,false,
pasadas_2026-07-16_86802.csv,MERCOSUR/julio/pasadas_2026-07-16_86802.csv,downloads,37ab9246-a07a-40b5-b62d-7a8b8e7782db,AUTOVIA DEL MERCOSUR,false,
pasadas_2026-07-16_86803.csv,MERCOSUR/julio/pasadas_2026-07-16_86803.csv,downloads,37ab9246-a07a-40b5-b62d-7a8b8e7782db,AUTOVIA DEL MERCOSUR,false,
pasadas_2026-07-31_34065.csv,MERCOSUR/julio/pasadas_2026-07-31_34065.csv,downloads,37ab9246-a07a-40b5-b62d-7a8b8e7782db,AUTOVIA DEL MERCOSUR,false,
pasadas_2026-07-31_34066.csv,MERCOSUR/julio/pasadas_2026-07-31_34066.csv,downloads,37ab9246-a07a-40b5-b62d-7a8b8e7782db,AUTOVIA DEL MERCOSUR,false,
pasadas_2026-07-31_50432.csv,MERCOSUR/julio/pasadas_2026-07-31_50432.csv,downloads,37ab9246-a07a-40b5-b62d-7a8b8e7782db,AUTOVIA DEL MERCOSUR,false,
pasadas_2026-07-31_50433.csv,MERCOSUR/julio/pasadas_2026-07-31_50433.csv,downloads,37ab9246-a07a-40b5-b62d-7a8b8e7782db,AUTOVIA DEL MERCOSUR,false,
pasadas_2026-07-31_60783.csv,MERCOSUR/julio/pasadas_2026-07-31_60783.csv,downloads,37ab9246-a07a-40b5-b62d-7a8b8e7782db,AUTOVIA DEL MERCOSUR,false,
pasadas_2026-07-31_60784.csv,MERCOSUR/julio/pasadas_2026-07-31_60784.csv,downloads,37ab9246-a07a-40b5-b62d-7a8b8e7782db,AUTOVIA DEL MERCOSUR,false,
pasadas_2026-07-31_95285.csv,MERCOSUR/julio/pasadas_2026-07-31_95285.csv,downloads,37ab9246-a07a-40b5-b62d-7a8b8e7782db,AUTOVIA DEL MERCOSUR,false,
pasadas_2026-07-31_95286.csv,MERCOSUR/julio/pasadas_2026-07-31_95286.csv,downloads,37ab9246-a07a-40b5-b62d-7a8b8e7782db,AUTOVIA DEL MERCOSUR,false,
pasadas_2026-02-28_110886.csv,MERCOSUR/pasadas_2026-02-28_110886.csv,downloads,37ab9246-a07a-40b5-b62d-7a8b8e7782db,AUTOVIA DEL MERCOSUR,false,
pasadas_2026-02-28_110887.csv,MERCOSUR/pasadas_2026-02-28_110887.csv,downloads,37ab9246-a07a-40b5-b62d-7a8b8e7782db,AUTOVIA DEL MERCOSUR,false,
pasadas_2026-02-28_127392.csv,MERCOSUR/pasadas_2026-02-28_127392.csv,downloads,37ab9246-a07a-40b5-b62d-7a8b8e7782db,AUTOVIA DEL MERCOSUR,false,
pasadas_2026-02-28_127393.csv,MERCOSUR/pasadas_2026-02-28_127393.csv,downloads,37ab9246-a07a-40b5-b62d-7a8b8e7782db,AUTOVIA DEL MERCOSUR,false,
pasadas_2026-02-28_212490.csv,MERCOSUR/pasadas_2026-02-28_212490.csv,downloads,37ab9246-a07a-40b5-b62d-7a8b8e7782db,AUTOVIA DEL MERCOSUR,false,
pasadas_2026-02-28_212491.csv,MERCOSUR/pasadas_2026-02-28_212491.csv,downloads,37ab9246-a07a-40b5-b62d-7a8b8e7782db,AUTOVIA DEL MERCOSUR,false,
pasadas_2026-02-28_23655.csv,MERCOSUR/pasadas_2026-02-28_23655.csv,downloads,37ab9246-a07a-40b5-b62d-7a8b8e7782db,AUTOVIA DEL MERCOSUR,false,
pasadas_2026-02-28_23656.csv,MERCOSUR/pasadas_2026-02-28_23656.csv,downloads,37ab9246-a07a-40b5-b62d-7a8b8e7782db,AUTOVIA DEL MERCOSUR,false,
pasadas_2026-02-28_25163.csv,MERCOSUR/pasadas_2026-02-28_25163.csv,downloads,37ab9246-a07a-40b5-b62d-7a8b8e7782db,AUTOVIA DEL MERCOSUR,false,
pasadas_2026-02-28_25164.csv,MERCOSUR/pasadas_2026-02-28_25164.csv,downloads,37ab9246-a07a-40b5-b62d-7a8b8e7782db,AUTOVIA DEL MERCOSUR,false,
pasadas_2026-02-28_40149.csv,MERCOSUR/pasadas_2026-02-28_40149.csv,downloads,37ab9246-a07a-40b5-b62d-7a8b8e7782db,AUTOVIA DEL MERCOSUR,false,
pasadas_2026-02-28_40150.csv,MERCOSUR/pasadas_2026-02-28_40150.csv,downloads,37ab9246-a07a-40b5-b62d-7a8b8e7782db,AUTOVIA DEL MERCOSUR,false,
pasadas_2026-02-28_45498.csv,MERCOSUR/pasadas_2026-02-28_45498.csv,downloads,37ab9246-a07a-40b5-b62d-7a8b8e7782db,AUTOVIA DEL MERCOSUR,false,
pasadas_2026-02-28_45499.csv,MERCOSUR/pasadas_2026-02-28_45499.csv,downloads,37ab9246-a07a-40b5-b62d-7a8b8e7782db,AUTOVIA DEL MERCOSUR,false,
pasadas_2026-02-28_68907.csv,MERCOSUR/pasadas_2026-02-28_68907.csv,downloads,37ab9246-a07a-40b5-b62d-7a8b8e7782db,AUTOVIA DEL MERCOSUR,false,
pasadas_2026-02-28_68908.csv,MERCOSUR/pasadas_2026-02-28_68908.csv,downloads,37ab9246-a07a-40b5-b62d-7a8b8e7782db,AUTOVIA DEL MERCOSUR,false,
pasadas_2026-03-31_3274.csv,MERCOSUR/pasadas_2026-03-31_3274.csv,downloads,37ab9246-a07a-40b5-b62d-7a8b8e7782db,AUTOVIA DEL MERCOSUR,false,
pasadas_2026-03-31_3275.csv,MERCOSUR/pasadas_2026-03-31_3275.csv,downloads,37ab9246-a07a-40b5-b62d-7a8b8e7782db,AUTOVIA DEL MERCOSUR,false,
pasadas_2026-03-31_4666.csv,MERCOSUR/pasadas_2026-03-31_4666.csv,downloads,37ab9246-a07a-40b5-b62d-7a8b8e7782db,AUTOVIA DEL MERCOSUR,false,
pasadas_2026-03-31_4667.csv,MERCOSUR/pasadas_2026-03-31_4667.csv,downloads,37ab9246-a07a-40b5-b62d-7a8b8e7782db,AUTOVIA DEL MERCOSUR,false,
pasadas_2026-03-31_6432.csv,MERCOSUR/pasadas_2026-03-31_6432.csv,downloads,37ab9246-a07a-40b5-b62d-7a8b8e7782db,AUTOVIA DEL MERCOSUR,false,
pasadas_2026-03-31_6433.csv,MERCOSUR/pasadas_2026-03-31_6433.csv,downloads,37ab9246-a07a-40b5-b62d-7a8b8e7782db,AUTOVIA DEL MERCOSUR,false,
pasadas_2026-03-31_9338.csv,MERCOSUR/pasadas_2026-03-31_9338.csv,downloads,37ab9246-a07a-40b5-b62d-7a8b8e7782db,AUTOVIA DEL MERCOSUR,false,
pasadas_2026-03-31_9339.csv,MERCOSUR/pasadas_2026-03-31_9339.csv,downloads,37ab9246-a07a-40b5-b62d-7a8b8e7782db,AUTOVIA DEL MERCOSUR,false,
pasadas_2026-04-20_12305.csv,MERCOSUR/pasadas_2026-04-20_12305.csv,downloads,37ab9246-a07a-40b5-b62d-7a8b8e7782db,AUTOVIA DEL MERCOSUR,false,
pasadas_2026-04-20_12306.csv,MERCOSUR/pasadas_2026-04-20_12306.csv,downloads,37ab9246-a07a-40b5-b62d-7a8b8e7782db,AUTOVIA DEL MERCOSUR,false,
pasadas_2026-04-20_18228.csv,MERCOSUR/pasadas_2026-04-20_18228.csv,downloads,37ab9246-a07a-40b5-b62d-7a8b8e7782db,AUTOVIA DEL MERCOSUR,false,
pasadas_2026-04-20_18229.csv,MERCOSUR/pasadas_2026-04-20_18229.csv,downloads,37ab9246-a07a-40b5-b62d-7a8b8e7782db,AUTOVIA DEL MERCOSUR,false,
pasadas_2026-04-20_6649.csv,MERCOSUR/pasadas_2026-04-20_6649.csv,downloads,37ab9246-a07a-40b5-b62d-7a8b8e7782db,AUTOVIA DEL MERCOSUR,false,
pasadas_2026-04-20_6650.csv,MERCOSUR/pasadas_2026-04-20_6650.csv,downloads,37ab9246-a07a-40b5-b62d-7a8b8e7782db,AUTOVIA DEL MERCOSUR,false,
pasadas_2026-04-20_9786.csv,MERCOSUR/pasadas_2026-04-20_9786.csv,downloads,37ab9246-a07a-40b5-b62d-7a8b8e7782db,AUTOVIA DEL MERCOSUR,false,
pasadas_2026-04-20_9787.csv,MERCOSUR/pasadas_2026-04-20_9787.csv,downloads,37ab9246-a07a-40b5-b62d-7a8b8e7782db,AUTOVIA DEL MERCOSUR,false,
pasadas_2026-04-29_11377.csv,MERCOSUR/pasadas_2026-04-29_11377.csv,downloads,37ab9246-a07a-40b5-b62d-7a8b8e7782db,AUTOVIA DEL MERCOSUR,false,
pasadas_2026-04-29_12816.csv,MERCOSUR/pasadas_2026-04-29_12816.csv,downloads,37ab9246-a07a-40b5-b62d-7a8b8e7782db,AUTOVIA DEL MERCOSUR,false,
pasadas_2026-04-29_12817.csv,MERCOSUR/pasadas_2026-04-29_12817.csv,downloads,37ab9246-a07a-40b5-b62d-7a8b8e7782db,AUTOVIA DEL MERCOSUR,false,
pasadas_2026-04-29_12879.csv,MERCOSUR/pasadas_2026-04-29_12879.csv,downloads,37ab9246-a07a-40b5-b62d-7a8b8e7782db,AUTOVIA DEL MERCOSUR,false,
pasadas_2026-04-29_12880.csv,MERCOSUR/pasadas_2026-04-29_12880.csv,downloads,37ab9246-a07a-40b5-b62d-7a8b8e7782db,AUTOVIA DEL MERCOSUR,false,
pasadas_2026-04-29_13264.csv,MERCOSUR/pasadas_2026-04-29_13264.csv,downloads,37ab9246-a07a-40b5-b62d-7a8b8e7782db,AUTOVIA DEL MERCOSUR,false,
pasadas_2026-04-29_13861.csv,MERCOSUR/pasadas_2026-04-29_13861.csv,downloads,37ab9246-a07a-40b5-b62d-7a8b8e7782db,AUTOVIA DEL MERCOSUR,false,
pasadas_2026-04-29_13951.csv,MERCOSUR/pasadas_2026-04-29_13951.csv,downloads,37ab9246-a07a-40b5-b62d-7a8b8e7782db,AUTOVIA DEL MERCOSUR,false,
pasadas_2026-04-29_16522.csv,MERCOSUR/pasadas_2026-04-29_16522.csv,downloads,37ab9246-a07a-40b5-b62d-7a8b8e7782db,AUTOVIA DEL MERCOSUR,false,
pasadas_2026-04-29_16523.csv,MERCOSUR/pasadas_2026-04-29_16523.csv,downloads,37ab9246-a07a-40b5-b62d-7a8b8e7782db,AUTOVIA DEL MERCOSUR,false,
pasadas_2026-04-29_16610.csv,MERCOSUR/pasadas_2026-04-29_16610.csv,downloads,37ab9246-a07a-40b5-b62d-7a8b8e7782db,AUTOVIA DEL MERCOSUR,false,
pasadas_2026-04-29_16611.csv,MERCOSUR/pasadas_2026-04-29_16611.csv,downloads,37ab9246-a07a-40b5-b62d-7a8b8e7782db,AUTOVIA DEL MERCOSUR,false,
pasadas_2026-04-29_21996.csv,MERCOSUR/pasadas_2026-04-29_21996.csv,downloads,37ab9246-a07a-40b5-b62d-7a8b8e7782db,AUTOVIA DEL MERCOSUR,false,
pasadas_2026-04-29_23227.csv,MERCOSUR/pasadas_2026-04-29_23227.csv,downloads,37ab9246-a07a-40b5-b62d-7a8b8e7782db,AUTOVIA DEL MERCOSUR,false,
pasadas_2026-04-29_2398.csv,MERCOSUR/pasadas_2026-04-29_2398.csv,downloads,37ab9246-a07a-40b5-b62d-7a8b8e7782db,AUTOVIA DEL MERCOSUR,false,
pasadas_2026-04-29_25439.csv,MERCOSUR/pasadas_2026-04-29_25439.csv,downloads,37ab9246-a07a-40b5-b62d-7a8b8e7782db,AUTOVIA DEL MERCOSUR,false,
pasadas_2026-04-29_25440.csv,MERCOSUR/pasadas_2026-04-29_25440.csv,downloads,37ab9246-a07a-40b5-b62d-7a8b8e7782db,AUTOVIA DEL MERCOSUR,false,
pasadas_2026-04-29_25441.csv,MERCOSUR/pasadas_2026-04-29_25441.csv,downloads,37ab9246-a07a-40b5-b62d-7a8b8e7782db,AUTOVIA DEL MERCOSUR,false,
pasadas_2026-04-29_25442.csv,MERCOSUR/pasadas_2026-04-29_25442.csv,downloads,37ab9246-a07a-40b5-b62d-7a8b8e7782db,AUTOVIA DEL MERCOSUR,false,
pasadas_2026-04-29_28840.csv,MERCOSUR/pasadas_2026-04-29_28840.csv,downloads,37ab9246-a07a-40b5-b62d-7a8b8e7782db,AUTOVIA DEL MERCOSUR,false,
pasadas_2026-04-29_3110.csv,MERCOSUR/pasadas_2026-04-29_3110.csv,downloads,37ab9246-a07a-40b5-b62d-7a8b8e7782db,AUTOVIA DEL MERCOSUR,false,
pasadas_2026-04-29_3815.csv,MERCOSUR/pasadas_2026-04-29_3815.csv,downloads,37ab9246-a07a-40b5-b62d-7a8b8e7782db,AUTOVIA DEL MERCOSUR,false,
pasadas_2026-04-29_4961.csv,MERCOSUR/pasadas_2026-04-29_4961.csv,downloads,37ab9246-a07a-40b5-b62d-7a8b8e7782db,AUTOVIA DEL MERCOSUR,false,
pasadas_2026-04-29_5219.csv,MERCOSUR/pasadas_2026-04-29_5219.csv,downloads,37ab9246-a07a-40b5-b62d-7a8b8e7782db,AUTOVIA DEL MERCOSUR,false,
pasadas_2026-04-29_6010.csv,MERCOSUR/pasadas_2026-04-29_6010.csv,downloads,37ab9246-a07a-40b5-b62d-7a8b8e7782db,AUTOVIA DEL MERCOSUR,false,
pasadas_2026-04-29_7373.csv,MERCOSUR/pasadas_2026-04-29_7373.csv,downloads,37ab9246-a07a-40b5-b62d-7a8b8e7782db,AUTOVIA DEL MERCOSUR,false,
pasadas_2026-04-29_8624.csv,MERCOSUR/pasadas_2026-04-29_8624.csv,downloads,37ab9246-a07a-40b5-b62d-7a8b8e7782db,AUTOVIA DEL MERCOSUR,false,
pasadas_2026-04-29_8708.csv,MERCOSUR/pasadas_2026-04-29_8708.csv,downloads,37ab9246-a07a-40b5-b62d-7a8b8e7782db,AUTOVIA DEL MERCOSUR,false,
pasadas_2026-04-29_8863.csv,MERCOSUR/pasadas_2026-04-29_8863.csv,downloads,37ab9246-a07a-40b5-b62d-7a8b8e7782db,AUTOVIA DEL MERCOSUR,false,
pasadas_2026-04-29_8864.csv,MERCOSUR/pasadas_2026-04-29_8864.csv,downloads,37ab9246-a07a-40b5-b62d-7a8b8e7782db,AUTOVIA DEL MERCOSUR,false,
pasadas_2026-04-29_8914.csv,MERCOSUR/pasadas_2026-04-29_8914.csv,downloads,37ab9246-a07a-40b5-b62d-7a8b8e7782db,AUTOVIA DEL MERCOSUR,false,
pasadas_2026-04-29_8915.csv,MERCOSUR/pasadas_2026-04-29_8915.csv,downloads,37ab9246-a07a-40b5-b62d-7a8b8e7782db,AUTOVIA DEL MERCOSUR,false,
pasadas_2026-04-30_15118.csv,MERCOSUR/pasadas_2026-04-30_15118.csv,downloads,37ab9246-a07a-40b5-b62d-7a8b8e7782db,AUTOVIA DEL MERCOSUR,false,
pasadas_2026-04-30_15119.csv,MERCOSUR/pasadas_2026-04-30_15119.csv,downloads,37ab9246-a07a-40b5-b62d-7a8b8e7782db,AUTOVIA DEL MERCOSUR,false,
pasadas_2026-04-30_21499.csv,MERCOSUR/pasadas_2026-04-30_21499.csv,downloads,37ab9246-a07a-40b5-b62d-7a8b8e7782db,AUTOVIA DEL MERCOSUR,false,
pasadas_2026-04-30_21500.csv,MERCOSUR/pasadas_2026-04-30_21500.csv,downloads,37ab9246-a07a-40b5-b62d-7a8b8e7782db,AUTOVIA DEL MERCOSUR,false,
pasadas_2026-04-30_29380.csv,MERCOSUR/pasadas_2026-04-30_29380.csv,downloads,37ab9246-a07a-40b5-b62d-7a8b8e7782db,AUTOVIA DEL MERCOSUR,false,
pasadas_2026-04-30_29381.csv,MERCOSUR/pasadas_2026-04-30_29381.csv,downloads,37ab9246-a07a-40b5-b62d-7a8b8e7782db,AUTOVIA DEL MERCOSUR,false,
pasadas_2026-04-30_48081.csv,MERCOSUR/pasadas_2026-04-30_48081.csv,downloads,37ab9246-a07a-40b5-b62d-7a8b8e7782db,AUTOVIA DEL MERCOSUR,false,
pasadas_2026-04-30_48082.csv,MERCOSUR/pasadas_2026-04-30_48082.csv,downloads,37ab9246-a07a-40b5-b62d-7a8b8e7782db,AUTOVIA DEL MERCOSUR,false,
pasadas_2026-05-16_18196.csv,MERCOSUR/pasadas_2026-05-16_18196.csv,downloads,37ab9246-a07a-40b5-b62d-7a8b8e7782db,AUTOVIA DEL MERCOSUR,false,
pasadas_2026-05-16_18197.csv,MERCOSUR/pasadas_2026-05-16_18197.csv,downloads,37ab9246-a07a-40b5-b62d-7a8b8e7782db,AUTOVIA DEL MERCOSUR,false,
pasadas_2026-05-16_26273.csv,MERCOSUR/pasadas_2026-05-16_26273.csv,downloads,37ab9246-a07a-40b5-b62d-7a8b8e7782db,AUTOVIA DEL MERCOSUR,false,
pasadas_2026-05-16_26274.csv,MERCOSUR/pasadas_2026-05-16_26274.csv,downloads,37ab9246-a07a-40b5-b62d-7a8b8e7782db,AUTOVIA DEL MERCOSUR,false,
pasadas_2026-05-16_34684.csv,MERCOSUR/pasadas_2026-05-16_34684.csv,downloads,37ab9246-a07a-40b5-b62d-7a8b8e7782db,AUTOVIA DEL MERCOSUR,false,
pasadas_2026-05-16_34685.csv,MERCOSUR/pasadas_2026-05-16_34685.csv,downloads,37ab9246-a07a-40b5-b62d-7a8b8e7782db,AUTOVIA DEL MERCOSUR,false,
pasadas_2026-05-16_56369.csv,MERCOSUR/pasadas_2026-05-16_56369.csv,downloads,37ab9246-a07a-40b5-b62d-7a8b8e7782db,AUTOVIA DEL MERCOSUR,false,
pasadas_2026-05-16_56370.csv,MERCOSUR/pasadas_2026-05-16_56370.csv,downloads,37ab9246-a07a-40b5-b62d-7a8b8e7782db,AUTOVIA DEL MERCOSUR,false,
pasadas_2026-05-31_21297.csv,MERCOSUR/pasadas_2026-05-31_21297.csv,downloads,37ab9246-a07a-40b5-b62d-7a8b8e7782db,AUTOVIA DEL MERCOSUR,false,
pasadas_2026-05-31_21298.csv,MERCOSUR/pasadas_2026-05-31_21298.csv,downloads,37ab9246-a07a-40b5-b62d-7a8b8e7782db,AUTOVIA DEL MERCOSUR,false,
pasadas_2026-05-31_31099.csv,MERCOSUR/pasadas_2026-05-31_31099.csv,downloads,37ab9246-a07a-40b5-b62d-7a8b8e7782db,AUTOVIA DEL MERCOSUR,false,
pasadas_2026-05-31_31100.csv,MERCOSUR/pasadas_2026-05-31_31100.csv,downloads,37ab9246-a07a-40b5-b62d-7a8b8e7782db,AUTOVIA DEL MERCOSUR,false,
pasadas_2026-05-31_39956.csv,MERCOSUR/pasadas_2026-05-31_39956.csv,downloads,37ab9246-a07a-40b5-b62d-7a8b8e7782db,AUTOVIA DEL MERCOSUR,false,
pasadas_2026-05-31_39957.csv,MERCOSUR/pasadas_2026-05-31_39957.csv,downloads,37ab9246-a07a-40b5-b62d-7a8b8e7782db,AUTOVIA DEL MERCOSUR,false,
pasadas_2026-05-31_64508.csv,MERCOSUR/pasadas_2026-05-31_64508.csv,downloads,37ab9246-a07a-40b5-b62d-7a8b8e7782db,AUTOVIA DEL MERCOSUR,false,
pasadas_2026-05-31_64509.csv,MERCOSUR/pasadas_2026-05-31_64509.csv,downloads,37ab9246-a07a-40b5-b62d-7a8b8e7782db,AUTOVIA DEL MERCOSUR,false,
pasadas_2026-06-16_24222.csv,MERCOSUR/pasadas_2026-06-16_24222.csv,downloads,37ab9246-a07a-40b5-b62d-7a8b8e7782db,AUTOVIA DEL MERCOSUR,false,
pasadas_2026-06-16_24223.csv,MERCOSUR/pasadas_2026-06-16_24223.csv,downloads,37ab9246-a07a-40b5-b62d-7a8b8e7782db,AUTOVIA DEL MERCOSUR,false,
pasadas_2026-06-16_35717.csv,MERCOSUR/pasadas_2026-06-16_35717.csv,downloads,37ab9246-a07a-40b5-b62d-7a8b8e7782db,AUTOVIA DEL MERCOSUR,false,
pasadas_2026-06-16_35718.csv,MERCOSUR/pasadas_2026-06-16_35718.csv,downloads,37ab9246-a07a-40b5-b62d-7a8b8e7782db,AUTOVIA DEL MERCOSUR,false,
pasadas_2026-06-16_44954.csv,MERCOSUR/pasadas_2026-06-16_44954.csv,downloads,37ab9246-a07a-40b5-b62d-7a8b8e7782db,AUTOVIA DEL MERCOSUR,false,
pasadas_2026-06-16_44955.csv,MERCOSUR/pasadas_2026-06-16_44955.csv,downloads,37ab9246-a07a-40b5-b62d-7a8b8e7782db,AUTOVIA DEL MERCOSUR,false,
pasadas_2026-06-16_71970.csv,MERCOSUR/pasadas_2026-06-16_71970.csv,downloads,37ab9246-a07a-40b5-b62d-7a8b8e7782db,AUTOVIA DEL MERCOSUR,false,
pasadas_2026-06-16_71971.csv,MERCOSUR/pasadas_2026-06-16_71971.csv,downloads,37ab9246-a07a-40b5-b62d-7a8b8e7782db,AUTOVIA DEL MERCOSUR,false,
pasadas_2026-06-30_27205.csv,MERCOSUR/pasadas_2026-06-30_27205.csv,downloads,37ab9246-a07a-40b5-b62d-7a8b8e7782db,AUTOVIA DEL MERCOSUR,false,
pasadas_2026-06-30_27206.csv,MERCOSUR/pasadas_2026-06-30_27206.csv,downloads,37ab9246-a07a-40b5-b62d-7a8b8e7782db,AUTOVIA DEL MERCOSUR,false,
pasadas_2026-06-30_40253.csv,MERCOSUR/pasadas_2026-06-30_40253.csv,downloads,37ab9246-a07a-40b5-b62d-7a8b8e7782db,AUTOVIA DEL MERCOSUR,false,
pasadas_2026-06-30_40254.csv,MERCOSUR/pasadas_2026-06-30_40254.csv,downloads,37ab9246-a07a-40b5-b62d-7a8b8e7782db,AUTOVIA DEL MERCOSUR,false,
pasadas_2026-06-30_49794.csv,MERCOSUR/pasadas_2026-06-30_49794.csv,downloads,37ab9246-a07a-40b5-b62d-7a8b8e7782db,AUTOVIA DEL MERCOSUR,false,
pasadas_2026-06-30_49795.csv,MERCOSUR/pasadas_2026-06-30_49795.csv,downloads,37ab9246-a07a-40b5-b62d-7a8b8e7782db,AUTOVIA DEL MERCOSUR,false,
pasadas_2026-07-22_1947768.csv,SANTAFE/JULIO/pasadas_2026-07-22_1947768.csv,downloads,d897928d-8a0c-42d6-b3e9-fffb66b9006c,UNIDAD EJECUTORA (SANTA FE),false,
pasadas_2026-07-22_1947769.csv,SANTAFE/JULIO/pasadas_2026-07-22_1947769.csv,downloads,d897928d-8a0c-42d6-b3e9-fffb66b9006c,UNIDAD EJECUTORA (SANTA FE),false,
pasadas_2025-08-22_915663.csv,SANTAFE/pasadas_2025-08-22_915663.csv,downloads,d897928d-8a0c-42d6-b3e9-fffb66b9006c,UNIDAD EJECUTORA (SANTA FE),false,
pasadas_2025-08-22_915667.csv,SANTAFE/pasadas_2025-08-22_915667.csv,downloads,d897928d-8a0c-42d6-b3e9-fffb66b9006c,UNIDAD EJECUTORA (SANTA FE),false,
pasadas_2025-09-24_993795.csv,SANTAFE/pasadas_2025-09-24_993795.csv,downloads,d897928d-8a0c-42d6-b3e9-fffb66b9006c,UNIDAD EJECUTORA (SANTA FE),false,
pasadas_2025-09-24_993799.csv,SANTAFE/pasadas_2025-09-24_993799.csv,downloads,d897928d-8a0c-42d6-b3e9-fffb66b9006c,UNIDAD EJECUTORA (SANTA FE),false,
pasadas_2025-10-23_1065605.csv,SANTAFE/pasadas_2025-10-23_1065605.csv,downloads,d897928d-8a0c-42d6-b3e9-fffb66b9006c,UNIDAD EJECUTORA (SANTA FE),false,
pasadas_2025-10-23_1065609.csv,SANTAFE/pasadas_2025-10-23_1065609.csv,downloads,d897928d-8a0c-42d6-b3e9-fffb66b9006c,UNIDAD EJECUTORA (SANTA FE),false,
pasadas_2025-11-28_1131609.csv,SANTAFE/pasadas_2025-11-28_1131609.csv,downloads,d897928d-8a0c-42d6-b3e9-fffb66b9006c,UNIDAD EJECUTORA (SANTA FE),false,
pasadas_2025-11-28_1131612.csv,SANTAFE/pasadas_2025-11-28_1131612.csv,downloads,d897928d-8a0c-42d6-b3e9-fffb66b9006c,UNIDAD EJECUTORA (SANTA FE),false,
pasadas_2025-12-24_1217293.csv,SANTAFE/pasadas_2025-12-24_1217293.csv,downloads,d897928d-8a0c-42d6-b3e9-fffb66b9006c,UNIDAD EJECUTORA (SANTA FE),false,
pasadas_2026-01-22_1307406.csv,SANTAFE/pasadas_2026-01-22_1307406.csv,downloads,d897928d-8a0c-42d6-b3e9-fffb66b9006c,UNIDAD EJECUTORA (SANTA FE),false,
pasadas_2026-01-22_1307409.csv,SANTAFE/pasadas_2026-01-22_1307409.csv,downloads,d897928d-8a0c-42d6-b3e9-fffb66b9006c,UNIDAD EJECUTORA (SANTA FE),false,
pasadas_2026-02-26_1412477.csv,SANTAFE/pasadas_2026-02-26_1412477.csv,downloads,d897928d-8a0c-42d6-b3e9-fffb66b9006c,UNIDAD EJECUTORA (SANTA FE),false,
pasadas_2026-02-26_1412480.csv,SANTAFE/pasadas_2026-02-26_1412480.csv,downloads,d897928d-8a0c-42d6-b3e9-fffb66b9006c,UNIDAD EJECUTORA (SANTA FE),false,
pasadas_2026-03-30_1513001.csv,SANTAFE/pasadas_2026-03-30_1513001.csv,downloads,d897928d-8a0c-42d6-b3e9-fffb66b9006c,UNIDAD EJECUTORA (SANTA FE),false,
pasadas_2026-03-30_1513005.csv,SANTAFE/pasadas_2026-03-30_1513005.csv,downloads,d897928d-8a0c-42d6-b3e9-fffb66b9006c,UNIDAD EJECUTORA (SANTA FE),false,
pasadas_2026-04-23_1616079.csv,SANTAFE/pasadas_2026-04-23_1616079.csv,downloads,d897928d-8a0c-42d6-b3e9-fffb66b9006c,UNIDAD EJECUTORA (SANTA FE),false,
pasadas_2026-04-23_1616082.csv,SANTAFE/pasadas_2026-04-23_1616082.csv,downloads,d897928d-8a0c-42d6-b3e9-fffb66b9006c,UNIDAD EJECUTORA (SANTA FE),false,
pasadas_2026-05-22_1723512.csv,SANTAFE/pasadas_2026-05-22_1723512.csv,downloads,d897928d-8a0c-42d6-b3e9-fffb66b9006c,UNIDAD EJECUTORA (SANTA FE),false,
pasadas_2026-05-22_1723513.csv,SANTAFE/pasadas_2026-05-22_1723513.csv,downloads,d897928d-8a0c-42d6-b3e9-fffb66b9006c,UNIDAD EJECUTORA (SANTA FE),false,
pasadas_2026-06-24_1834929.csv,SANTAFE/pasadas_2026-06-24_1834929.csv,downloads,d897928d-8a0c-42d6-b3e9-fffb66b9006c,UNIDAD EJECUTORA (SANTA FE),false,
pasadas_2026-06-24_1834930.csv,SANTAFE/pasadas_2026-06-24_1834930.csv,downloads,d897928d-8a0c-42d6-b3e9-fffb66b9006c,UNIDAD EJECUTORA (SANTA FE),false,
errors.csv,errors.csv,downloads,,,false,skip_root
ConsumosResumen-202607-1.xlsx,202607-1/ConsumosResumen-202607-1.xlsx,telepeaje plus,8b5414f2-3a0a-45ee-abb2-69cac0e2920f,TELEPEAJE-PLUS,false,consumos_resumen_mixed
Consumos.xlsx,202607-2/Consumos.xlsx,telepeaje plus,8b5414f2-3a0a-45ee-abb2-69cac0e2920f,TELEPEAJE-PLUS,false,consumos_resumen_mixed
ConsumosResumen.xlsx,202607-2/ConsumosResumen.xlsx,telepeaje plus,8b5414f2-3a0a-45ee-abb2-69cac0e2920f,TELEPEAJE-PLUS,false,consumos_resumen_mixed
