id,peaje_id,estacion_id,peaje_nombre,estacion_nombre,status,categoria,patron
28437846-7524-4de5-8ff5-ef5383eb0f16,ab449656-bebf-4cb2-bbb3-6221403e1c7b,a12baa34-7a45-4612-aa4d-d3752637e68f,AUBASA,BERAZATEGUI,NO_PICO,3,B
f5e8c23e-14be-468d-82da-548bcd932f42,ab449656-bebf-4cb2-bbb3-6221403e1c7b,a12baa34-7a45-4612-aa4d-d3752637e68f,AUBASA,BERAZATEGUI,PICO,6,B
134cc71f-1415-40ff-8647-a15a0ea2d002,ab449656-bebf-4cb2-bbb3-6221403e1c7b,a12baa34-7a45-4612-aa4d-d3752637e68f,AUBASA,BERAZATEGUI,NO_PICO,6,B
87c2c035-07fb-4c20-8770-98af7e1990ae,ab449656-bebf-4cb2-bbb3-6221403e1c7b,a12baa34-7a45-4612-aa4d-d3752637e68f,AUBASA,BERAZATEGUI,PICO,7,B
f4172d81-d74a-47c3-8b81-ca69b13af330,ab449656-bebf-4cb2-bbb3-6221403e1c7b,a12baa34-7a45-4612-aa4d-d3752637e68f,AUBASA,BERAZATEGUI,NO_PICO,7,B
67c151af-2af3-4311-8ac4-cd9b48ca6094,ab449656-bebf-4cb2-bbb3-6221403e1c7b,2ab8b3e2-a9ab-4577-b9c4-81a68c594edc,AUBASA,BERNAL,PICO,6,B
d268dcf0-86f5-49b7-8861-6ea294e20c40,ab449656-bebf-4cb2-bbb3-6221403e1c7b,2ab8b3e2-a9ab-4577-b9c4-81a68c594edc,AUBASA,BERNAL,NO_PICO,6,B
b07884e3-eeec-4846-86e6-3fed7073f9ef,ab449656-bebf-4cb2-bbb3-6221403e1c7b,2ab8b3e2-a9ab-4577-b9c4-81a68c594edc,AUBASA,BERNAL,PICO,7,B
6449bbbd-308b-4264-85ba-aaaeefc2a0aa,ab449656-bebf-4cb2-bbb3-6221403e1c7b,2ab8b3e2-a9ab-4577-b9c4-81a68c594edc,AUBASA,BERNAL,NO_PICO,7,B
feb4ff56-0ad6-4e1c-80e4-fb017d63b400,ab449656-bebf-4cb2-bbb3-6221403e1c7b,67486ca3-6e88-49a8-b628-7f41e946da5a,AUBASA,DOCK SUD,PICO,2,B
621f4d8b-48b4-487b-8834-448e027b0247,ab449656-bebf-4cb2-bbb3-6221403e1c7b,67486ca3-6e88-49a8-b628-7f41e946da5a,AUBASA,DOCK SUD,NO_PICO,2,B
7f35f73d-3288-4c90-82e0-28aba43ca70c,ab449656-bebf-4cb2-bbb3-6221403e1c7b,67486ca3-6e88-49a8-b628-7f41e946da5a,AUBASA,DOCK SUD,PICO,3,B
2cf1f1e4-0679-460e-85e8-f3ae20ac86f3,ab449656-bebf-4cb2-bbb3-6221403e1c7b,67486ca3-6e88-49a8-b628-7f41e946da5a,AUBASA,DOCK SUD,NO_PICO,3,B
36e7a21d-59d0-4194-8a5b-541793e7a33d,ab449656-bebf-4cb2-bbb3-6221403e1c7b,67486ca3-6e88-49a8-b628-7f41e946da5a,AUBASA,DOCK SUD,NO_PICO,5,B
805aaea1-ca69-437d-803c-406e6a4e354d,ab449656-bebf-4cb2-bbb3-6221403e1c7b,67486ca3-6e88-49a8-b628-7f41e946da5a,AUBASA,DOCK SUD,PICO,6,B
90e0cdf8-824c-4993-8052-43a626633f5e,ab449656-bebf-4cb2-bbb3-6221403e1c7b,67486ca3-6e88-49a8-b628-7f41e946da5a,AUBASA,DOCK SUD,NO_PICO,6,B
c6225cf6-fb25-4fc2-868e-bfdbdd37f9da,ab449656-bebf-4cb2-bbb3-6221403e1c7b,67486ca3-6e88-49a8-b628-7f41e946da5a,AUBASA,DOCK SUD,PICO,7,B
6b483839-1fd6-46c4-8bb9-79b5ea3bf0fd,ab449656-bebf-4cb2-bbb3-6221403e1c7b,67486ca3-6e88-49a8-b628-7f41e946da5a,AUBASA,DOCK SUD,NO_PICO,7,B
d65103d5-d6f2-4949-8ff0-8391c7edb694,ab449656-bebf-4cb2-bbb3-6221403e1c7b,bd4d72fc-71cb-4d0e-a43f-6d6bb2ad1e6e,AUBASA,GUTIERREZ,NO_PICO,5,B
04569f52-5662-4a52-84bd-c8036c57491b,ab449656-bebf-4cb2-bbb3-6221403e1c7b,bd4d72fc-71cb-4d0e-a43f-6d6bb2ad1e6e,AUBASA,GUTIERREZ,PICO,6,B
083ff10d-4c60-4fcd-8b35-82778865c507,ab449656-bebf-4cb2-bbb3-6221403e1c7b,bd4d72fc-71cb-4d0e-a43f-6d6bb2ad1e6e,AUBASA,GUTIERREZ,NO_PICO,6,B
81005bb0-cc80-46c7-81fa-95cdef075633,ab449656-bebf-4cb2-bbb3-6221403e1c7b,bd4d72fc-71cb-4d0e-a43f-6d6bb2ad1e6e,AUBASA,GUTIERREZ,PICO,7,B
a31625c6-7e28-41a4-83aa-8792b3d0769f,ab449656-bebf-4cb2-bbb3-6221403e1c7b,bd4d72fc-71cb-4d0e-a43f-6d6bb2ad1e6e,AUBASA,GUTIERREZ,NO_PICO,7,B
70c15d15-3752-4774-836e-09cc1949ecad,ab449656-bebf-4cb2-bbb3-6221403e1c7b,3f32d96b-e51f-4e5e-a473-be7bcc3de5e9,AUBASA,HUDSON,PICO,2,B
2b0cd95b-8f5d-4a05-8a7e-04952ec94219,ab449656-bebf-4cb2-bbb3-6221403e1c7b,3f32d96b-e51f-4e5e-a473-be7bcc3de5e9,AUBASA,HUDSON,NO_PICO,2,B
1d1b3565-d83e-4cd8-8fe7-cf4920ad2fcc,ab449656-bebf-4cb2-bbb3-6221403e1c7b,3f32d96b-e51f-4e5e-a473-be7bcc3de5e9,AUBASA,HUDSON,NO_PICO,3,B
d149e099-6edd-4df1-8ce9-23ecd11e579f,ab449656-bebf-4cb2-bbb3-6221403e1c7b,3f32d96b-e51f-4e5e-a473-be7bcc3de5e9,AUBASA,HUDSON,NO_PICO,5,B
a9c2eda3-78c7-4f51-84fc-c335464885ff,ab449656-bebf-4cb2-bbb3-6221403e1c7b,3f32d96b-e51f-4e5e-a473-be7bcc3de5e9,AUBASA,HUDSON,PICO,6,B
8122a4df-4223-4fe5-8776-127d2fdcd9b3,ab449656-bebf-4cb2-bbb3-6221403e1c7b,3f32d96b-e51f-4e5e-a473-be7bcc3de5e9,AUBASA,HUDSON,NO_PICO,6,B
9c4bf6d2-1d53-4e61-881e-24dbb0b336a4,ab449656-bebf-4cb2-bbb3-6221403e1c7b,3f32d96b-e51f-4e5e-a473-be7bcc3de5e9,AUBASA,HUDSON,PICO,7,B
99825b96-90f3-4a7b-8210-af08b71b0d6b,ab449656-bebf-4cb2-bbb3-6221403e1c7b,3f32d96b-e51f-4e5e-a473-be7bcc3de5e9,AUBASA,HUDSON,NO_PICO,7,B
453bcee9-b134-40e8-8db8-fbd07bc17bef,ab449656-bebf-4cb2-bbb3-6221403e1c7b,4afa5df3-640a-49e7-96c7-8dfb9790afc5,AUBASA,MAIPU,NO_PICO,5,B
eb6530a5-eebe-4f70-884d-e745d5874cfb,ab449656-bebf-4cb2-bbb3-6221403e1c7b,4afa5df3-640a-49e7-96c7-8dfb9790afc5,AUBASA,MAIPU,NO_PICO,6,B
75ad2d6b-4148-4813-8a81-ec9e06f19bd6,ab449656-bebf-4cb2-bbb3-6221403e1c7b,6ee7f0b6-e12c-4ea3-a096-6dae05c7c0c0,AUBASA,SAMBOROMBON,NO_PICO,5,B
d988779c-cd2a-4fa8-8e48-82524393eecb,fcf50348-fe3d-48db-934f-13e0af1e0e74,2f14708d-f520-40d8-b5ce-cac30efdd946,AUSA,ALBERTI,NO_PICO,2,B
aab2514a-995d-414c-8ae8-0fa72c2c2965,fcf50348-fe3d-48db-934f-13e0af1e0e74,97c7bba9-bc15-4492-af59-e1e56050d17c,AUSA,DELLEPIANE I,PICO,2,B
10733806-17ff-4224-8283-b4782f542d6d,fcf50348-fe3d-48db-934f-13e0af1e0e74,97c7bba9-bc15-4492-af59-e1e56050d17c,AUSA,DELLEPIANE I,NO_PICO,2,B
dd95a4f4-bf86-4222-8a7d-cc955fe4e6b7,fcf50348-fe3d-48db-934f-13e0af1e0e74,97c7bba9-bc15-4492-af59-e1e56050d17c,AUSA,DELLEPIANE I,PICO,4,B
258fc5fd-6efa-4715-8665-7df6eb1e48b2,fcf50348-fe3d-48db-934f-13e0af1e0e74,97c7bba9-bc15-4492-af59-e1e56050d17c,AUSA,DELLEPIANE I,NO_PICO,4,B
2fe847a7-16b5-4d9e-8d62-45be56e6a6fc,fcf50348-fe3d-48db-934f-13e0af1e0e74,97c7bba9-bc15-4492-af59-e1e56050d17c,AUSA,DELLEPIANE I,PICO,6,B
74ff84d3-8f37-4fef-888f-ec7e5ada78d8,fcf50348-fe3d-48db-934f-13e0af1e0e74,97c7bba9-bc15-4492-af59-e1e56050d17c,AUSA,DELLEPIANE I,NO_PICO,6,B
e829722d-5af3-4667-8526-6b38045a2a40,fcf50348-fe3d-48db-934f-13e0af1e0e74,97c7bba9-bc15-4492-af59-e1e56050d17c,AUSA,DELLEPIANE I,PICO,7,B
b479ee3d-7816-4dd5-86cd-cf46382013dc,fcf50348-fe3d-48db-934f-13e0af1e0e74,97c7bba9-bc15-4492-af59-e1e56050d17c,AUSA,DELLEPIANE I,NO_PICO,7,B
aeef01ba-08d7-4e0b-8173-bb7d837af30e,fcf50348-fe3d-48db-934f-13e0af1e0e74,97c7bba9-bc15-4492-af59-e1e56050d17c,AUSA,DELLEPIANE I,PICO,8,B
1fe9c29d-25be-4c97-8419-e0fb50af68ac,fcf50348-fe3d-48db-934f-13e0af1e0e74,97c7bba9-bc15-4492-af59-e1e56050d17c,AUSA,DELLEPIANE I,NO_PICO,8,B
ac8d9068-ebe7-4efb-8b7d-bb62b7c8933f,fcf50348-fe3d-48db-934f-13e0af1e0e74,97c7bba9-bc15-4492-af59-e1e56050d17c,AUSA,DELLEPIANE I,PICO,9,B
d2a3dc53-266a-4407-8fc3-5d51ce163f88,fcf50348-fe3d-48db-934f-13e0af1e0e74,97c7bba9-bc15-4492-af59-e1e56050d17c,AUSA,DELLEPIANE I,NO_PICO,9,B
ea2df027-ea87-491d-8c2f-81621fc17280,fcf50348-fe3d-48db-934f-13e0af1e0e74,7995c334-d4fb-4374-93a8-47d9e2a423d1,AUSA,DELLEPIANE II,NO_PICO,2,B
478ca043-17d6-481b-87a4-b94efbd55c1c,fcf50348-fe3d-48db-934f-13e0af1e0e74,7995c334-d4fb-4374-93a8-47d9e2a423d1,AUSA,DELLEPIANE II,NO_PICO,4,B
7457deea-83ca-4972-8eae-eec2b9dfe636,fcf50348-fe3d-48db-934f-13e0af1e0e74,7995c334-d4fb-4374-93a8-47d9e2a423d1,AUSA,DELLEPIANE II,NO_PICO,6,B
61cec489-ecb6-4c66-8ac3-0acb672e5709,fcf50348-fe3d-48db-934f-13e0af1e0e74,7995c334-d4fb-4374-93a8-47d9e2a423d1,AUSA,DELLEPIANE II,PICO,7,B
0ae346f6-140b-47d6-8ef8-ecd9771eef0c,fcf50348-fe3d-48db-934f-13e0af1e0e74,7995c334-d4fb-4374-93a8-47d9e2a423d1,AUSA,DELLEPIANE II,NO_PICO,7,B
c6c0d001-3ea3-4318-828e-778270057eb6,fcf50348-fe3d-48db-934f-13e0af1e0e74,7995c334-d4fb-4374-93a8-47d9e2a423d1,AUSA,DELLEPIANE II,PICO,8,B
6c7aa76e-c2db-4911-8408-4d71db9758b3,fcf50348-fe3d-48db-934f-13e0af1e0e74,7995c334-d4fb-4374-93a8-47d9e2a423d1,AUSA,DELLEPIANE II,NO_PICO,8,B
0254b2b1-d5f5-4fc6-80a1-2e8f4b7e3d23,fcf50348-fe3d-48db-934f-13e0af1e0e74,7995c334-d4fb-4374-93a8-47d9e2a423d1,AUSA,DELLEPIANE II,PICO,9,B
1ef67d78-4c96-46f7-87c1-c39dddf498d2,fcf50348-fe3d-48db-934f-13e0af1e0e74,7995c334-d4fb-4374-93a8-47d9e2a423d1,AUSA,DELLEPIANE II,NO_PICO,9,B
dfd1fb11-ef88-4cee-8208-1f107361e443,fcf50348-fe3d-48db-934f-13e0af1e0e74,5446946e-152a-4640-af51-d8eff269d0f3,AUSA,ILLIA II,PICO,0,B
a3c6e8db-53ce-4783-82a8-4e3b60f06852,fcf50348-fe3d-48db-934f-13e0af1e0e74,5446946e-152a-4640-af51-d8eff269d0f3,AUSA,ILLIA II,NO_PICO,0,B
34bee852-72cd-41b0-867b-975b8c4a3ba8,fcf50348-fe3d-48db-934f-13e0af1e0e74,5446946e-152a-4640-af51-d8eff269d0f3,AUSA,ILLIA II,PICO,2,B
2b26ce38-8809-48c1-897c-df26d1b0b7fe,fcf50348-fe3d-48db-934f-13e0af1e0e74,5446946e-152a-4640-af51-d8eff269d0f3,AUSA,ILLIA II,NO_PICO,2,B
1b90afb5-83aa-420e-8a93-7bb2f94d554d,fcf50348-fe3d-48db-934f-13e0af1e0e74,5446946e-152a-4640-af51-d8eff269d0f3,AUSA,ILLIA II,PICO,4,B
9b64797c-57df-49ad-8f16-d397760c9188,fcf50348-fe3d-48db-934f-13e0af1e0e74,5446946e-152a-4640-af51-d8eff269d0f3,AUSA,ILLIA II,NO_PICO,4,B
173fb795-0625-4ead-825a-0ecf427fce83,fcf50348-fe3d-48db-934f-13e0af1e0e74,5446946e-152a-4640-af51-d8eff269d0f3,AUSA,ILLIA II,PICO,7,B
99f85bd1-6da6-430e-8ad8-7258257a6a87,fcf50348-fe3d-48db-934f-13e0af1e0e74,5446946e-152a-4640-af51-d8eff269d0f3,AUSA,ILLIA II,NO_PICO,7,B
d14de0fb-20f8-4cc8-87dc-84a2a1784b57,fcf50348-fe3d-48db-934f-13e0af1e0e74,5446946e-152a-4640-af51-d8eff269d0f3,AUSA,ILLIA II,PICO,8,B
e2261f49-1cce-46df-8aa9-f4469f3f3c2d,fcf50348-fe3d-48db-934f-13e0af1e0e74,5446946e-152a-4640-af51-d8eff269d0f3,AUSA,ILLIA II,NO_PICO,8,B
78b83c9f-1966-43b0-8dc7-60cd00134011,fcf50348-fe3d-48db-934f-13e0af1e0e74,5446946e-152a-4640-af51-d8eff269d0f3,AUSA,ILLIA II,PICO,9,B
2fb8ff02-fb79-45d1-8044-f926e42653e5,fcf50348-fe3d-48db-934f-13e0af1e0e74,5446946e-152a-4640-af51-d8eff269d0f3,AUSA,ILLIA II,NO_PICO,9,B
a5ceb9ca-7a15-47c0-85d8-85fd9adaf93c,fcf50348-fe3d-48db-934f-13e0af1e0e74,83ded803-cdec-40ac-8e06-16940f9b1a83,AUSA,PASEO DEL BAJO,NO_PICO,0,B
08be883c-8956-4ce5-8d0e-e4bbd77a1983,fcf50348-fe3d-48db-934f-13e0af1e0e74,83ded803-cdec-40ac-8e06-16940f9b1a83,AUSA,PASEO DEL BAJO,NO_PICO,2,B
e327510c-52cc-4ac3-805d-225374493c54,fcf50348-fe3d-48db-934f-13e0af1e0e74,83ded803-cdec-40ac-8e06-16940f9b1a83,AUSA,PASEO DEL BAJO,NO_PICO,4,B
34c004d9-24fe-47f2-86c9-e4f9444f212f,fcf50348-fe3d-48db-934f-13e0af1e0e74,83ded803-cdec-40ac-8e06-16940f9b1a83,AUSA,PASEO DEL BAJO,NO_PICO,5,B
52d7cf98-737d-4b46-8320-6a88ba9f478b,fcf50348-fe3d-48db-934f-13e0af1e0e74,83ded803-cdec-40ac-8e06-16940f9b1a83,AUSA,PASEO DEL BAJO,NO_PICO,7,B
9f0e4786-37fe-4ea9-80a1-ad20438ed0f4,fcf50348-fe3d-48db-934f-13e0af1e0e74,83ded803-cdec-40ac-8e06-16940f9b1a83,AUSA,PASEO DEL BAJO,NO_PICO,8,B
90724f8a-9439-4d36-8715-5499bd622d71,fcf50348-fe3d-48db-934f-13e0af1e0e74,83ded803-cdec-40ac-8e06-16940f9b1a83,AUSA,PASEO DEL BAJO,NO_PICO,9,B
5770c936-a941-490d-85e8-80fda878101f,fcf50348-fe3d-48db-934f-13e0af1e0e74,e98ce678-0d1d-4a44-8b08-d5ee7a42e93f,AUSA,REMEDIOS,PICO,2,B
e27649d4-dc13-4359-8cae-a45ef21e02df,fcf50348-fe3d-48db-934f-13e0af1e0e74,e98ce678-0d1d-4a44-8b08-d5ee7a42e93f,AUSA,REMEDIOS,NO_PICO,2,B
6ccfd96e-dcac-4a33-8594-047b9a50a545,fcf50348-fe3d-48db-934f-13e0af1e0e74,e98ce678-0d1d-4a44-8b08-d5ee7a42e93f,AUSA,REMEDIOS,PICO,4,B
ee03f98f-6366-475a-8753-ced47a75c650,fcf50348-fe3d-48db-934f-13e0af1e0e74,e98ce678-0d1d-4a44-8b08-d5ee7a42e93f,AUSA,REMEDIOS,NO_PICO,4,B
5f5e80c7-f121-4ae6-86da-e6cd3de2b630,fcf50348-fe3d-48db-934f-13e0af1e0e74,e98ce678-0d1d-4a44-8b08-d5ee7a42e93f,AUSA,REMEDIOS,PICO,7,B
224b5822-995f-4a04-82da-57db957a90eb,fcf50348-fe3d-48db-934f-13e0af1e0e74,e98ce678-0d1d-4a44-8b08-d5ee7a42e93f,AUSA,REMEDIOS,NO_PICO,7,B
9a00f941-c861-4ecc-897e-6a3357606bf2,fcf50348-fe3d-48db-934f-13e0af1e0e74,e98ce678-0d1d-4a44-8b08-d5ee7a42e93f,AUSA,REMEDIOS,PICO,8,B
f3d07caf-e8b6-41a0-89e1-3ce3ac27f076,fcf50348-fe3d-48db-934f-13e0af1e0e74,e98ce678-0d1d-4a44-8b08-d5ee7a42e93f,AUSA,REMEDIOS,NO_PICO,8,B
67d28964-78f9-4afa-827f-9164032f330f,fcf50348-fe3d-48db-934f-13e0af1e0e74,e98ce678-0d1d-4a44-8b08-d5ee7a42e93f,AUSA,REMEDIOS,PICO,9,B
666ebbff-ac93-4995-8f7a-9e72e4477d90,fcf50348-fe3d-48db-934f-13e0af1e0e74,e98ce678-0d1d-4a44-8b08-d5ee7a42e93f,AUSA,REMEDIOS,NO_PICO,9,B
f354d2ac-2cf8-4cdd-88ef-299d1028f398,fcf50348-fe3d-48db-934f-13e0af1e0e74,b6ebf1f0-e098-4e88-8865-af82f7507913,AUSA,SALGUERO,PICO,2,B
af811601-5033-4cf4-80e6-5f6f968a1db3,fcf50348-fe3d-48db-934f-13e0af1e0e74,b6ebf1f0-e098-4e88-8865-af82f7507913,AUSA,SALGUERO,NO_PICO,2,B
04498cbd-3afd-4887-8eb0-85a4b9ac0d22,fcf50348-fe3d-48db-934f-13e0af1e0e74,b6ebf1f0-e098-4e88-8865-af82f7507913,AUSA,SALGUERO,NO_PICO,4,B
d9f91cfc-8d75-4c25-8a4e-e05852abe9a6,fcf50348-fe3d-48db-934f-13e0af1e0e74,b6ebf1f0-e098-4e88-8865-af82f7507913,AUSA,SALGUERO,PICO,7,B
c3023819-9601-448d-8513-0c8b0a76ccad,fcf50348-fe3d-48db-934f-13e0af1e0e74,b6ebf1f0-e098-4e88-8865-af82f7507913,AUSA,SALGUERO,NO_PICO,7,B
e6f32e2e-59d1-4540-840f-6d2bc25feb0a,fcf50348-fe3d-48db-934f-13e0af1e0e74,b6ebf1f0-e098-4e88-8865-af82f7507913,AUSA,SALGUERO,PICO,8,B
12aebdbc-838e-4b49-824e-0afee665b2a2,fcf50348-fe3d-48db-934f-13e0af1e0e74,b6ebf1f0-e098-4e88-8865-af82f7507913,AUSA,SALGUERO,PICO,9,B
2ae859fd-7125-4b7c-8567-179ee6ef43e0,fcf50348-fe3d-48db-934f-13e0af1e0e74,b6ebf1f0-e098-4e88-8865-af82f7507913,AUSA,SALGUERO,NO_PICO,9,B
ee83e3ff-2131-4520-8640-7799898c57a1,fcf50348-fe3d-48db-934f-13e0af1e0e74,b6649fde-3788-4677-b79c-4f3c57a7f2d3,AUSA,SARMIENTO,PICO,2,B
2e51f266-068f-43da-8e01-0f8fa9762eab,fcf50348-fe3d-48db-934f-13e0af1e0e74,b6649fde-3788-4677-b79c-4f3c57a7f2d3,AUSA,SARMIENTO,NO_PICO,2,B
484191c2-f0a4-4d18-898e-59bcfc361773,fcf50348-fe3d-48db-934f-13e0af1e0e74,b6649fde-3788-4677-b79c-4f3c57a7f2d3,AUSA,SARMIENTO,NO_PICO,4,B
fd041753-96cf-47e5-813a-1632893fafef,fcf50348-fe3d-48db-934f-13e0af1e0e74,b6649fde-3788-4677-b79c-4f3c57a7f2d3,AUSA,SARMIENTO,PICO,7,B
72eb9212-9790-4820-85de-2d9a8b402fc6,fcf50348-fe3d-48db-934f-13e0af1e0e74,b6649fde-3788-4677-b79c-4f3c57a7f2d3,AUSA,SARMIENTO,NO_PICO,7,B
54437c2a-d05d-410e-8af0-4827bd9dd88f,fcf50348-fe3d-48db-934f-13e0af1e0e74,b6649fde-3788-4677-b79c-4f3c57a7f2d3,AUSA,SARMIENTO,PICO,8,B
0d98c8ac-1a04-4bce-8074-c8ea486b53ce,fcf50348-fe3d-48db-934f-13e0af1e0e74,139fff4c-db47-4169-b2c9-6a22302db69a,AUSA,VARELA,PICO,2,B
22fdb3a7-f35c-4600-8f30-c9ac7ccc1f30,fcf50348-fe3d-48db-934f-13e0af1e0e74,139fff4c-db47-4169-b2c9-6a22302db69a,AUSA,VARELA,NO_PICO,2,B
3d2590b8-357a-4120-84a4-28363b7f674c,fcf50348-fe3d-48db-934f-13e0af1e0e74,139fff4c-db47-4169-b2c9-6a22302db69a,AUSA,VARELA,PICO,4,B
000124bd-60ba-428d-8abf-e5d220d2ea95,fcf50348-fe3d-48db-934f-13e0af1e0e74,139fff4c-db47-4169-b2c9-6a22302db69a,AUSA,VARELA,NO_PICO,4,B
a2390279-0cd2-4b23-81f6-3e11dd17a41e,fcf50348-fe3d-48db-934f-13e0af1e0e74,139fff4c-db47-4169-b2c9-6a22302db69a,AUSA,VARELA,PICO,7,B
b43c8c8d-d28e-49ef-8140-c1c6df95dac4,fcf50348-fe3d-48db-934f-13e0af1e0e74,139fff4c-db47-4169-b2c9-6a22302db69a,AUSA,VARELA,NO_PICO,7,B
0eb36600-5ba0-435f-8eb9-7f4b427e6a71,fcf50348-fe3d-48db-934f-13e0af1e0e74,139fff4c-db47-4169-b2c9-6a22302db69a,AUSA,VARELA,PICO,8,B
f9618b6e-4304-4d35-8c29-f1acb472b6db,fcf50348-fe3d-48db-934f-13e0af1e0e74,139fff4c-db47-4169-b2c9-6a22302db69a,AUSA,VARELA,NO_PICO,8,B
d8c50169-0bfc-4f5e-814a-bd21d33f5e0d,fcf50348-fe3d-48db-934f-13e0af1e0e74,139fff4c-db47-4169-b2c9-6a22302db69a,AUSA,VARELA,PICO,9,B
6bdf298a-a059-4af7-8fa3-3e5c979353ca,fcf50348-fe3d-48db-934f-13e0af1e0e74,139fff4c-db47-4169-b2c9-6a22302db69a,AUSA,VARELA,NO_PICO,9,B
f4990c85-b4b5-4d3e-8a7d-bed0904b77cd,dc7dad0c-adda-4a56-a1f4-2ec87c19c356,39daec48-071c-4703-9e97-ad3aec2a46fb,AUSOL,BELGRANO,PICO,2,B
9b9efb75-d97f-4d9f-800e-e4e289a7344c,dc7dad0c-adda-4a56-a1f4-2ec87c19c356,39daec48-071c-4703-9e97-ad3aec2a46fb,AUSOL,BELGRANO,NO_PICO,2,B
1ed3840f-b3ec-4292-8acc-3781beb668fd,dc7dad0c-adda-4a56-a1f4-2ec87c19c356,39daec48-071c-4703-9e97-ad3aec2a46fb,AUSOL,BELGRANO,NO_PICO,3,B
8e73fae3-e506-4752-8f22-fc626005fd86,dc7dad0c-adda-4a56-a1f4-2ec87c19c356,39daec48-071c-4703-9e97-ad3aec2a46fb,AUSOL,BELGRANO,NO_PICO,6,B
55fed0d0-8f26-4b2f-8a24-245eac1e8821,dc7dad0c-adda-4a56-a1f4-2ec87c19c356,39daec48-071c-4703-9e97-ad3aec2a46fb,AUSOL,BELGRANO,NO_PICO,7,B
2b678e4c-98f0-406f-834e-3aa1bcf41be1,dc7dad0c-adda-4a56-a1f4-2ec87c19c356,53da2019-2e8d-499d-adc6-073fb79c3a95,AUSOL,BUEN AYRE,NO_PICO,2,B
dbc69076-932b-48be-826a-f1edb39ae313,dc7dad0c-adda-4a56-a1f4-2ec87c19c356,53da2019-2e8d-499d-adc6-073fb79c3a95,AUSOL,BUEN AYRE,PICO,6,B
38e92514-2139-4f81-8be7-116d318a6f76,dc7dad0c-adda-4a56-a1f4-2ec87c19c356,53da2019-2e8d-499d-adc6-073fb79c3a95,AUSOL,BUEN AYRE,NO_PICO,6,B
6d29fd3c-6cc3-47d1-8a3d-3e0ac5972de4,dc7dad0c-adda-4a56-a1f4-2ec87c19c356,53da2019-2e8d-499d-adc6-073fb79c3a95,AUSOL,BUEN AYRE,PICO,7,B
09bf5a82-6644-49a4-87cb-30ba8b764f57,dc7dad0c-adda-4a56-a1f4-2ec87c19c356,53da2019-2e8d-499d-adc6-073fb79c3a95,AUSOL,BUEN AYRE,NO_PICO,7,B
9ecb9dc0-0ccb-4567-875d-99f736e1315a,dc7dad0c-adda-4a56-a1f4-2ec87c19c356,46dafcc1-d3ac-46ef-b758-015538d29918,AUSOL,CAMINO REAL,PICO,6,B
87ea9909-7488-4644-8c23-02041e5ad6a2,dc7dad0c-adda-4a56-a1f4-2ec87c19c356,25bfd059-2663-4836-9fc4-c4bd56ece4dc,AUSOL,CAMPANA,PICO,2,B
f73949a4-87bc-4d56-8338-a93c1f82bee3,dc7dad0c-adda-4a56-a1f4-2ec87c19c356,25bfd059-2663-4836-9fc4-c4bd56ece4dc,AUSOL,CAMPANA,NO_PICO,2,B
ea157c64-5ba0-4064-877d-66acefc6c319,dc7dad0c-adda-4a56-a1f4-2ec87c19c356,25bfd059-2663-4836-9fc4-c4bd56ece4dc,AUSOL,CAMPANA,PICO,3,B
49112538-4198-4fbe-8dff-6090172ad00c,dc7dad0c-adda-4a56-a1f4-2ec87c19c356,25bfd059-2663-4836-9fc4-c4bd56ece4dc,AUSOL,CAMPANA,NO_PICO,3,B
183164f0-a492-47cb-8b3b-9fd677c79c02,dc7dad0c-adda-4a56-a1f4-2ec87c19c356,25bfd059-2663-4836-9fc4-c4bd56ece4dc,AUSOL,CAMPANA,PICO,5,B
353c01ae-312e-4d36-8603-29d5f48b81e3,dc7dad0c-adda-4a56-a1f4-2ec87c19c356,25bfd059-2663-4836-9fc4-c4bd56ece4dc,AUSOL,CAMPANA,NO_PICO,5,B
f4b349aa-fa13-49e9-80d5-f9ec7d5084c1,dc7dad0c-adda-4a56-a1f4-2ec87c19c356,25bfd059-2663-4836-9fc4-c4bd56ece4dc,AUSOL,CAMPANA,PICO,6,B
28ca0e32-1494-4ed5-8e73-208c6b227660,dc7dad0c-adda-4a56-a1f4-2ec87c19c356,25bfd059-2663-4836-9fc4-c4bd56ece4dc,AUSOL,CAMPANA,NO_PICO,6,B
04a705bf-cebd-41c0-887a-ae3fed86a0e1,dc7dad0c-adda-4a56-a1f4-2ec87c19c356,25bfd059-2663-4836-9fc4-c4bd56ece4dc,AUSOL,CAMPANA,PICO,7,B
edf4b40f-070e-4776-883e-a34289aac3ee,dc7dad0c-adda-4a56-a1f4-2ec87c19c356,25bfd059-2663-4836-9fc4-c4bd56ece4dc,AUSOL,CAMPANA,NO_PICO,7,B
ce1e8159-9b3a-4d81-892c-9e09e85f9f60,dc7dad0c-adda-4a56-a1f4-2ec87c19c356,66f9702e-3498-4cca-b3b9-c70a587011b4,AUSOL,CAMPANA DECALADA,NO_PICO,2,B
3c5ed012-3c01-4599-8dbc-0d6c4273632f,dc7dad0c-adda-4a56-a1f4-2ec87c19c356,66f9702e-3498-4cca-b3b9-c70a587011b4,AUSOL,CAMPANA DECALADA,NO_PICO,3,B
29319c95-4954-4a7e-8ddb-f6b49cc2aac0,dc7dad0c-adda-4a56-a1f4-2ec87c19c356,66f9702e-3498-4cca-b3b9-c70a587011b4,AUSOL,CAMPANA DECALADA,PICO,6,B
facc96ab-439b-4891-8bdc-0d9e64a343f6,dc7dad0c-adda-4a56-a1f4-2ec87c19c356,66f9702e-3498-4cca-b3b9-c70a587011b4,AUSOL,CAMPANA DECALADA,NO_PICO,6,B
b6258e3a-075f-41ba-8675-8e8b4d9b96e0,dc7dad0c-adda-4a56-a1f4-2ec87c19c356,66f9702e-3498-4cca-b3b9-c70a587011b4,AUSOL,CAMPANA DECALADA,PICO,7,B
5f19fc18-325c-465c-8bc1-147785e480c4,dc7dad0c-adda-4a56-a1f4-2ec87c19c356,66f9702e-3498-4cca-b3b9-c70a587011b4,AUSOL,CAMPANA DECALADA,NO_PICO,7,B
71a1d234-e631-47d3-86ee-3145b77edcfb,dc7dad0c-adda-4a56-a1f4-2ec87c19c356,0b7cbd41-72c5-4337-9ba6-e06f13494d13,AUSOL,DEBENEDETTI,PICO,2,B
a6474c22-d1a3-446e-84f3-08d74da09640,dc7dad0c-adda-4a56-a1f4-2ec87c19c356,0b7cbd41-72c5-4337-9ba6-e06f13494d13,AUSOL,DEBENEDETTI,NO_PICO,2,B
862ea305-edf4-48b4-8a3c-0c2096339240,dc7dad0c-adda-4a56-a1f4-2ec87c19c356,0b7cbd41-72c5-4337-9ba6-e06f13494d13,AUSOL,DEBENEDETTI,PICO,6,B
67b609ac-6c04-4035-8688-41f44a74a129,dc7dad0c-adda-4a56-a1f4-2ec87c19c356,2b2ef8b7-2fa7-4204-bc8b-d7f286538430,AUSOL,MARQUEZ,PICO,6,B
3044b3d9-1646-4395-8720-f0fe0b7f8c05,dc7dad0c-adda-4a56-a1f4-2ec87c19c356,2b2ef8b7-2fa7-4204-bc8b-d7f286538430,AUSOL,MARQUEZ,NO_PICO,7,B
50ffad9d-a9fa-4ff9-872a-8aa7be0cc81f,dc7dad0c-adda-4a56-a1f4-2ec87c19c356,66c17ba7-d34e-4301-8528-8e8968404949,AUSOL,PILAR,PICO,2,B
ec602229-ec9f-4e74-8db2-7640f9c5d153,dc7dad0c-adda-4a56-a1f4-2ec87c19c356,66c17ba7-d34e-4301-8528-8e8968404949,AUSOL,PILAR,NO_PICO,2,B
9954a4d7-6bdc-4065-8b0f-c7d154cc4d35,dc7dad0c-adda-4a56-a1f4-2ec87c19c356,66c17ba7-d34e-4301-8528-8e8968404949,AUSOL,PILAR,PICO,6,B
ba0e505e-f52c-436b-86d3-65d7ee0cef96,dc7dad0c-adda-4a56-a1f4-2ec87c19c356,66c17ba7-d34e-4301-8528-8e8968404949,AUSOL,PILAR,NO_PICO,6,B
3950ffe4-c864-4630-8949-abc3e26b1714,dc7dad0c-adda-4a56-a1f4-2ec87c19c356,66c17ba7-d34e-4301-8528-8e8968404949,AUSOL,PILAR,PICO,7,B
c5fa03df-0b16-4bed-8de9-c39feba755af,dc7dad0c-adda-4a56-a1f4-2ec87c19c356,66c17ba7-d34e-4301-8528-8e8968404949,AUSOL,PILAR,NO_PICO,7,B
dddd281e-cfab-48af-8eec-d0a2b61f18b0,dc7dad0c-adda-4a56-a1f4-2ec87c19c356,6111cae9-a416-4014-bcb3-8cccb83436f7,AUSOL,PILAR DECALADA,PICO,2,B
479758f5-4339-468c-82a8-5b4b62132b2c,dc7dad0c-adda-4a56-a1f4-2ec87c19c356,6111cae9-a416-4014-bcb3-8cccb83436f7,AUSOL,PILAR DECALADA,NO_PICO,2,B
b2997921-0a79-4d07-8616-284c2d3b5c23,dc7dad0c-adda-4a56-a1f4-2ec87c19c356,6111cae9-a416-4014-bcb3-8cccb83436f7,AUSOL,PILAR DECALADA,PICO,6,B
69876855-972c-4a07-830e-2973ac7a0000,dc7dad0c-adda-4a56-a1f4-2ec87c19c356,6111cae9-a416-4014-bcb3-8cccb83436f7,AUSOL,PILAR DECALADA,NO_PICO,6,B
b006008b-5da3-4e41-8cb0-8d34cd0288e3,dc7dad0c-adda-4a56-a1f4-2ec87c19c356,6111cae9-a416-4014-bcb3-8cccb83436f7,AUSOL,PILAR DECALADA,PICO,7,B
247babf6-8767-42ff-89a0-d2978f031f25,dc7dad0c-adda-4a56-a1f4-2ec87c19c356,6111cae9-a416-4014-bcb3-8cccb83436f7,AUSOL,PILAR DECALADA,NO_PICO,7,B
e1f1992b-af93-4189-8303-d20af455ac67,dc7dad0c-adda-4a56-a1f4-2ec87c19c356,83bf0b9a-6f74-4052-8d17-f40cf21ffe83,AUSOL,RUTA 197,PICO,2,B
2df384cd-ff17-472a-8941-f3ad288b3b90,dc7dad0c-adda-4a56-a1f4-2ec87c19c356,83bf0b9a-6f74-4052-8d17-f40cf21ffe83,AUSOL,RUTA 197,NO_PICO,2,B
f6b3433b-4242-47da-80fe-df235e22bccd,dc7dad0c-adda-4a56-a1f4-2ec87c19c356,83bf0b9a-6f74-4052-8d17-f40cf21ffe83,AUSOL,RUTA 197,NO_PICO,3,B
0fcf13eb-ed8b-4ee8-83aa-a1eb73b7a662,dc7dad0c-adda-4a56-a1f4-2ec87c19c356,83bf0b9a-6f74-4052-8d17-f40cf21ffe83,AUSOL,RUTA 197,PICO,6,B
87b9a977-a6c1-4070-8af4-a2ceed4db693,dc7dad0c-adda-4a56-a1f4-2ec87c19c356,83bf0b9a-6f74-4052-8d17-f40cf21ffe83,AUSOL,RUTA 197,NO_PICO,6,B
dcd48d13-249a-4444-84cf-e4e0576f317c,dc7dad0c-adda-4a56-a1f4-2ec87c19c356,83bf0b9a-6f74-4052-8d17-f40cf21ffe83,AUSOL,RUTA 197,PICO,7,B
c0ae52ff-8415-433d-8243-e1f81ffcf35d,dc7dad0c-adda-4a56-a1f4-2ec87c19c356,83bf0b9a-6f74-4052-8d17-f40cf21ffe83,AUSOL,RUTA 197,NO_PICO,7,B
b89b29d2-ddab-40b2-8432-baff43444659,dc7dad0c-adda-4a56-a1f4-2ec87c19c356,dea354ac-06dc-4afe-987c-fcacbe818d5d,AUSOL,RUTA 202,NO_PICO,2,B
70545bc1-3ddc-4ecf-8abd-37ecc8f2fb70,dc7dad0c-adda-4a56-a1f4-2ec87c19c356,dea354ac-06dc-4afe-987c-fcacbe818d5d,AUSOL,RUTA 202,NO_PICO,3,B
a0ad6176-c227-486d-8fe1-94ec43039ac7,dc7dad0c-adda-4a56-a1f4-2ec87c19c356,dea354ac-06dc-4afe-987c-fcacbe818d5d,AUSOL,RUTA 202,PICO,6,B
163808bc-2f33-49d6-8e67-1bfb4c38efa3,dc7dad0c-adda-4a56-a1f4-2ec87c19c356,dea354ac-06dc-4afe-987c-fcacbe818d5d,AUSOL,RUTA 202,NO_PICO,6,B
ed0e4070-4b82-46b1-8f68-d4b4f07c3d90,dc7dad0c-adda-4a56-a1f4-2ec87c19c356,79bbc328-eb06-4cc9-9a35-50687155a0df,AUSOL,SAN MARTIN,PICO,2,B
34c510b5-dfcf-40a3-8726-af1ef7c52b0c,dc7dad0c-adda-4a56-a1f4-2ec87c19c356,79bbc328-eb06-4cc9-9a35-50687155a0df,AUSOL,SAN MARTIN,PICO,6,B
ee5e9bf7-22cc-4c77-8faf-4cbf08edc272,dc7dad0c-adda-4a56-a1f4-2ec87c19c356,f20aa7b2-3149-461d-81d9-e9f2c73065a1,AUSOL,TIGRE,PICO,2,B
cf3ce4df-4324-4cb5-8877-8004bcf015e5,dc7dad0c-adda-4a56-a1f4-2ec87c19c356,f20aa7b2-3149-461d-81d9-e9f2c73065a1,AUSOL,TIGRE,NO_PICO,2,B
b2a00bf0-af1a-498f-8b77-d5345666baab,dc7dad0c-adda-4a56-a1f4-2ec87c19c356,f20aa7b2-3149-461d-81d9-e9f2c73065a1,AUSOL,TIGRE,PICO,6,B
48ca0582-72ee-4146-8985-3635c07bb8af,dc7dad0c-adda-4a56-a1f4-2ec87c19c356,f20aa7b2-3149-461d-81d9-e9f2c73065a1,AUSOL,TIGRE,NO_PICO,6,B
be6a7db6-12e7-4723-8f4c-bb7950a28e85,dc7dad0c-adda-4a56-a1f4-2ec87c19c356,f20aa7b2-3149-461d-81d9-e9f2c73065a1,AUSOL,TIGRE,PICO,7,B
658bf7fa-4e37-41c0-8a2b-fabd4c290260,dc7dad0c-adda-4a56-a1f4-2ec87c19c356,f20aa7b2-3149-461d-81d9-e9f2c73065a1,AUSOL,TIGRE,NO_PICO,7,B
43065e1c-021a-4785-8f3e-32d33d2cf7d8,4c3fcfe9-84f5-4b57-8875-25145b949a93,d212694e-7a62-4392-a905-03f756a9e961,AUTOPISTA DEL OESTE,BARCALA,PICO,6,B
916e788f-fffa-4d3a-83b9-5492f9c8683b,4c3fcfe9-84f5-4b57-8875-25145b949a93,d212694e-7a62-4392-a905-03f756a9e961,AUTOPISTA DEL OESTE,BARCALA,NO_PICO,6,B
0fb6f612-c6b8-437f-8836-49d15f321912,4c3fcfe9-84f5-4b57-8875-25145b949a93,c050dabf-9137-441c-8e08-980d8665773e,AUTOPISTA DEL OESTE,BRANDSEN,NO_PICO,2,B
cef3b60c-6643-4144-86f6-91572062367c,4c3fcfe9-84f5-4b57-8875-25145b949a93,a6749964-64e2-4f95-b7b3-ecb4a68c1a14,AUTOPISTA DEL OESTE,BUEN AYRE,PICO,2,B
bfd6f7c4-2acf-4a9b-8718-dc8ea57562f7,4c3fcfe9-84f5-4b57-8875-25145b949a93,a6749964-64e2-4f95-b7b3-ecb4a68c1a14,AUTOPISTA DEL OESTE,BUEN AYRE,NO_PICO,2,B
1edba25c-d931-487d-8c7b-f1cd07c2ce2f,4c3fcfe9-84f5-4b57-8875-25145b949a93,a6749964-64e2-4f95-b7b3-ecb4a68c1a14,AUTOPISTA DEL OESTE,BUEN AYRE,PICO,6,B
cc4bc448-9fa2-4000-83a3-9d55a0f85257,4c3fcfe9-84f5-4b57-8875-25145b949a93,a6749964-64e2-4f95-b7b3-ecb4a68c1a14,AUTOPISTA DEL OESTE,BUEN AYRE,NO_PICO,6,B
ab752084-7f34-47a9-8401-d9893bc9cbe6,4c3fcfe9-84f5-4b57-8875-25145b949a93,a6749964-64e2-4f95-b7b3-ecb4a68c1a14,AUTOPISTA DEL OESTE,BUEN AYRE,NO_PICO,7,B
826037ac-db7a-4d93-802a-ee1089323838,4c3fcfe9-84f5-4b57-8875-25145b949a93,ce3ce0ac-8b57-4fc2-8a1e-3a1fc3428a4a,AUTOPISTA DEL OESTE,DEL RODEO,PICO,2,B
2e43931e-ecfe-4994-8d20-26aad9c06da4,4c3fcfe9-84f5-4b57-8875-25145b949a93,ce3ce0ac-8b57-4fc2-8a1e-3a1fc3428a4a,AUTOPISTA DEL OESTE,DEL RODEO,NO_PICO,2,B
15e9e045-e449-4cfc-8ff5-ac15ae4049d3,4c3fcfe9-84f5-4b57-8875-25145b949a93,ce3ce0ac-8b57-4fc2-8a1e-3a1fc3428a4a,AUTOPISTA DEL OESTE,DEL RODEO,NO_PICO,3,B
0a14f7af-714e-49b0-84d0-ca0fcdac74b9,4c3fcfe9-84f5-4b57-8875-25145b949a93,ce3ce0ac-8b57-4fc2-8a1e-3a1fc3428a4a,AUTOPISTA DEL OESTE,DEL RODEO,PICO,6,B
60247fae-1301-41f8-85ba-0e01bcca9383,4c3fcfe9-84f5-4b57-8875-25145b949a93,ce3ce0ac-8b57-4fc2-8a1e-3a1fc3428a4a,AUTOPISTA DEL OESTE,DEL RODEO,NO_PICO,6,B
288ff43c-ef48-4ff0-8b81-bd10ca8275c5,4c3fcfe9-84f5-4b57-8875-25145b949a93,ce3ce0ac-8b57-4fc2-8a1e-3a1fc3428a4a,AUTOPISTA DEL OESTE,DEL RODEO,PICO,7,B
5929679d-01ea-45b9-8a2e-46d877e9700f,4c3fcfe9-84f5-4b57-8875-25145b949a93,ce3ce0ac-8b57-4fc2-8a1e-3a1fc3428a4a,AUTOPISTA DEL OESTE,DEL RODEO,NO_PICO,7,B
eee3eb1a-0d42-4834-8a4e-99989b0df5fc,4c3fcfe9-84f5-4b57-8875-25145b949a93,e237d146-1b29-419b-b527-41b605148a60,AUTOPISTA DEL OESTE,DERQUI,PICO,2,B
05076b1f-2c2a-4d7a-8031-7fdfb587466a,4c3fcfe9-84f5-4b57-8875-25145b949a93,e237d146-1b29-419b-b527-41b605148a60,AUTOPISTA DEL OESTE,DERQUI,NO_PICO,2,B
7e56e62a-0718-4cc3-8f81-b37a682e228e,4c3fcfe9-84f5-4b57-8875-25145b949a93,e237d146-1b29-419b-b527-41b605148a60,AUTOPISTA DEL OESTE,DERQUI,PICO,6,B
66581dc8-5dfa-42f8-883b-98370d8fd935,4c3fcfe9-84f5-4b57-8875-25145b949a93,e237d146-1b29-419b-b527-41b605148a60,AUTOPISTA DEL OESTE,DERQUI,NO_PICO,6,B
33d316df-bcc0-495c-8305-b4148f3e63cb,4c3fcfe9-84f5-4b57-8875-25145b949a93,e237d146-1b29-419b-b527-41b605148a60,AUTOPISTA DEL OESTE,DERQUI,PICO,7,B
b8ec6fda-bb12-4dd0-8769-c623acfa2a0c,4c3fcfe9-84f5-4b57-8875-25145b949a93,e237d146-1b29-419b-b527-41b605148a60,AUTOPISTA DEL OESTE,DERQUI,NO_PICO,7,B
e53f3da7-db38-45f0-8679-9ebeb19159ae,4c3fcfe9-84f5-4b57-8875-25145b949a93,15260fb1-970a-4f77-95a5-61715666f7ea,AUTOPISTA DEL OESTE,DOLORES PRATS,NO_PICO,2,B
2ed8392c-0467-4aea-8d82-b9ea8c0ba425,4c3fcfe9-84f5-4b57-8875-25145b949a93,15260fb1-970a-4f77-95a5-61715666f7ea,AUTOPISTA DEL OESTE,DOLORES PRATS,PICO,6,B
b9dce414-426c-430f-8454-3253545a8243,4c3fcfe9-84f5-4b57-8875-25145b949a93,15260fb1-970a-4f77-95a5-61715666f7ea,AUTOPISTA DEL OESTE,DOLORES PRATS,NO_PICO,6,B
edcb2377-1731-4b03-8325-d977609f6260,4c3fcfe9-84f5-4b57-8875-25145b949a93,15260fb1-970a-4f77-95a5-61715666f7ea,AUTOPISTA DEL OESTE,DOLORES PRATS,NO_PICO,7,B
2c19de04-9579-4272-84f4-29e013ab1cc5,4c3fcfe9-84f5-4b57-8875-25145b949a93,50c7ae33-9660-48fc-a2e5-86a752d8c0cf,AUTOPISTA DEL OESTE,GRAL.RODRIGUEZ,PICO,6,B
7b683fd9-60f1-42db-88d4-4186ae75960f,4c3fcfe9-84f5-4b57-8875-25145b949a93,50c7ae33-9660-48fc-a2e5-86a752d8c0cf,AUTOPISTA DEL OESTE,GRAL.RODRIGUEZ,NO_PICO,6,B
fcbdde72-2611-403e-8a43-8db4bf464177,4c3fcfe9-84f5-4b57-8875-25145b949a93,50c7ae33-9660-48fc-a2e5-86a752d8c0cf,AUTOPISTA DEL OESTE,GRAL.RODRIGUEZ,PICO,7,B
40164049-0bda-4dfb-844a-62063f1947aa,4c3fcfe9-84f5-4b57-8875-25145b949a93,50c7ae33-9660-48fc-a2e5-86a752d8c0cf,AUTOPISTA DEL OESTE,GRAL.RODRIGUEZ,NO_PICO,7,B
51bf39d5-66e5-4c69-8c4e-9c9cd93616bb,4c3fcfe9-84f5-4b57-8875-25145b949a93,5c930215-cdd3-4c78-8df9-2e7ee9d9ec67,AUTOPISTA DEL OESTE,ITUZAINGÓ,PICO,2,B
c303e1ee-9ada-4a2b-8823-38d01f3d8916,4c3fcfe9-84f5-4b57-8875-25145b949a93,5c930215-cdd3-4c78-8df9-2e7ee9d9ec67,AUTOPISTA DEL OESTE,ITUZAINGÓ,NO_PICO,2,B
b523375c-52d3-4878-8fd1-80418d164e50,4c3fcfe9-84f5-4b57-8875-25145b949a93,5c930215-cdd3-4c78-8df9-2e7ee9d9ec67,AUTOPISTA DEL OESTE,ITUZAINGÓ,PICO,3,B
38f9c081-535a-4078-8854-df25d6f242f9,4c3fcfe9-84f5-4b57-8875-25145b949a93,5c930215-cdd3-4c78-8df9-2e7ee9d9ec67,AUTOPISTA DEL OESTE,ITUZAINGÓ,NO_PICO,3,B
b5cd2205-8617-47dd-8747-ea6f2cb325fb,4c3fcfe9-84f5-4b57-8875-25145b949a93,5c930215-cdd3-4c78-8df9-2e7ee9d9ec67,AUTOPISTA DEL OESTE,ITUZAINGÓ,PICO,6,B
70e24954-b625-463a-8a96-01d9f14849e8,4c3fcfe9-84f5-4b57-8875-25145b949a93,5c930215-cdd3-4c78-8df9-2e7ee9d9ec67,AUTOPISTA DEL OESTE,ITUZAINGÓ,NO_PICO,6,B
f6972b14-dedf-41e7-84e8-b9aac9f611f5,4c3fcfe9-84f5-4b57-8875-25145b949a93,5c930215-cdd3-4c78-8df9-2e7ee9d9ec67,AUTOPISTA DEL OESTE,ITUZAINGÓ,PICO,7,B
6a6d7603-4a26-46e0-89b7-5cc9eae88e76,4c3fcfe9-84f5-4b57-8875-25145b949a93,5c930215-cdd3-4c78-8df9-2e7ee9d9ec67,AUTOPISTA DEL OESTE,ITUZAINGÓ,NO_PICO,7,B
685bc4ee-1c96-4bdd-8c2a-a4bdb8fce0e1,4c3fcfe9-84f5-4b57-8875-25145b949a93,9421660a-addd-4c22-93fa-8bcb3da80684,AUTOPISTA DEL OESTE,J.J.CASTRO,PICO,6,B
870b6aad-5920-4b5c-8d75-44f27e9244df,4c3fcfe9-84f5-4b57-8875-25145b949a93,9421660a-addd-4c22-93fa-8bcb3da80684,AUTOPISTA DEL OESTE,J.J.CASTRO,NO_PICO,6,B
a5b4876f-70f8-4c07-8803-4621f6300aae,4c3fcfe9-84f5-4b57-8875-25145b949a93,9421660a-addd-4c22-93fa-8bcb3da80684,AUTOPISTA DEL OESTE,J.J.CASTRO,PICO,7,B
3339c7e8-9952-410c-8d26-4fb4a2eede5c,4c3fcfe9-84f5-4b57-8875-25145b949a93,5a1618dd-9e67-49df-8c43-8d239c834955,AUTOPISTA DEL OESTE,LUJAN,PICO,2,B
963b700a-640a-4fe0-83d3-0a531946bfa8,4c3fcfe9-84f5-4b57-8875-25145b949a93,5a1618dd-9e67-49df-8c43-8d239c834955,AUTOPISTA DEL OESTE,LUJAN,NO_PICO,2,B
722fb880-c029-4f8b-8d50-001c81d1c4dc,4c3fcfe9-84f5-4b57-8875-25145b949a93,5a1618dd-9e67-49df-8c43-8d239c834955,AUTOPISTA DEL OESTE,LUJAN,PICO,3,B
dd1a8003-7e1d-4439-8103-a42e30e6bea8,4c3fcfe9-84f5-4b57-8875-25145b949a93,5a1618dd-9e67-49df-8c43-8d239c834955,AUTOPISTA DEL OESTE,LUJAN,NO_PICO,3,B
2448c069-4adc-4cca-8e80-227248822805,4c3fcfe9-84f5-4b57-8875-25145b949a93,5a1618dd-9e67-49df-8c43-8d239c834955,AUTOPISTA DEL OESTE,LUJAN,PICO,6,B
3fd54f5b-34e5-42e2-8ec5-e6d29727bdd2,4c3fcfe9-84f5-4b57-8875-25145b949a93,5a1618dd-9e67-49df-8c43-8d239c834955,AUTOPISTA DEL OESTE,LUJAN,NO_PICO,6,B
ffdbf581-4044-469c-801a-a720b204a708,4c3fcfe9-84f5-4b57-8875-25145b949a93,5a1618dd-9e67-49df-8c43-8d239c834955,AUTOPISTA DEL OESTE,LUJAN,PICO,7,B
66e60bf6-da74-4599-89ad-8854d1705f32,4c3fcfe9-84f5-4b57-8875-25145b949a93,5a1618dd-9e67-49df-8c43-8d239c834955,AUTOPISTA DEL OESTE,LUJAN,NO_PICO,7,B
a188beac-7180-483e-8c45-089699daff47,4c3fcfe9-84f5-4b57-8875-25145b949a93,7b84ab42-0ec6-4302-bdb1-714601bc2f49,AUTOPISTA DEL OESTE,MALVINAS,PICO,2,B
53bb9da7-9d14-4a09-80ca-2169d6e46f7d,4c3fcfe9-84f5-4b57-8875-25145b949a93,7b84ab42-0ec6-4302-bdb1-714601bc2f49,AUTOPISTA DEL OESTE,MALVINAS,NO_PICO,2,B
61d85384-3250-4c83-898f-1615d837eb20,4c3fcfe9-84f5-4b57-8875-25145b949a93,7b84ab42-0ec6-4302-bdb1-714601bc2f49,AUTOPISTA DEL OESTE,MALVINAS,PICO,6,B
5786879f-ef26-4c8f-83ea-8ebbea848122,4c3fcfe9-84f5-4b57-8875-25145b949a93,7b84ab42-0ec6-4302-bdb1-714601bc2f49,AUTOPISTA DEL OESTE,MALVINAS,NO_PICO,6,B
9c43f5a7-f39c-4b8e-8121-a20d1b6b6c65,4c3fcfe9-84f5-4b57-8875-25145b949a93,7b84ab42-0ec6-4302-bdb1-714601bc2f49,AUTOPISTA DEL OESTE,MALVINAS,PICO,7,B
c4090dc7-0f9f-4b8f-8a87-65be4204a496,4c3fcfe9-84f5-4b57-8875-25145b949a93,7b84ab42-0ec6-4302-bdb1-714601bc2f49,AUTOPISTA DEL OESTE,MALVINAS,NO_PICO,7,B
a2ff3ae4-404e-4b73-8473-80d5d7c5ef34,4c3fcfe9-84f5-4b57-8875-25145b949a93,0e80099b-3d4a-49f0-ada4-f819e6975ae3,AUTOPISTA DEL OESTE,MARTIN FIERRO,PICO,2,B
c9381ef2-6781-45a8-890a-e67d3e06f308,4c3fcfe9-84f5-4b57-8875-25145b949a93,0e80099b-3d4a-49f0-ada4-f819e6975ae3,AUTOPISTA DEL OESTE,MARTIN FIERRO,NO_PICO,2,B
d9fb1a32-24fb-425a-8d95-5c6497b15791,4c3fcfe9-84f5-4b57-8875-25145b949a93,0e80099b-3d4a-49f0-ada4-f819e6975ae3,AUTOPISTA DEL OESTE,MARTIN FIERRO,NO_PICO,3,B
9bd32ff9-66ce-4119-8990-7a64e9ea1692,4c3fcfe9-84f5-4b57-8875-25145b949a93,0e80099b-3d4a-49f0-ada4-f819e6975ae3,AUTOPISTA DEL OESTE,MARTIN FIERRO,PICO,6,B
68574413-a3b4-4659-819a-a11e08c9e9cf,4c3fcfe9-84f5-4b57-8875-25145b949a93,0e80099b-3d4a-49f0-ada4-f819e6975ae3,AUTOPISTA DEL OESTE,MARTIN FIERRO,NO_PICO,6,B
6ed36fa3-4c50-4fcf-8ed9-4fbc45d4368d,4c3fcfe9-84f5-4b57-8875-25145b949a93,0e80099b-3d4a-49f0-ada4-f819e6975ae3,AUTOPISTA DEL OESTE,MARTIN FIERRO,NO_PICO,7,B
6927e74e-3567-4adb-8151-a6579d6e598b,4c3fcfe9-84f5-4b57-8875-25145b949a93,2e7bc698-efec-44c7-86bf-81dd35a71c87,AUTOPISTA DEL OESTE,POSADAS,NO_PICO,2,B
a4f556f0-90c8-461c-84e0-b2c353b0b44a,4c3fcfe9-84f5-4b57-8875-25145b949a93,2e7bc698-efec-44c7-86bf-81dd35a71c87,AUTOPISTA DEL OESTE,POSADAS,PICO,6,B
8a957d70-c5f9-46c7-8d94-7625e2d9c269,4c3fcfe9-84f5-4b57-8875-25145b949a93,2e7bc698-efec-44c7-86bf-81dd35a71c87,AUTOPISTA DEL OESTE,POSADAS,NO_PICO,6,B
338a975b-b91b-486a-882a-a91f7bcd0ea1,4c3fcfe9-84f5-4b57-8875-25145b949a93,2e7bc698-efec-44c7-86bf-81dd35a71c87,AUTOPISTA DEL OESTE,POSADAS,NO_PICO,7,B
76b4d09d-caef-46ca-8649-08ffefb8a33c,4c3fcfe9-84f5-4b57-8875-25145b949a93,3a02f51a-e7ee-4c2a-b7c2-a33aec133eec,AUTOPISTA DEL OESTE,QUINTANA,PICO,6,B
2a2e438e-8570-4c47-84d9-6b426791f02e,4c3fcfe9-84f5-4b57-8875-25145b949a93,3a02f51a-e7ee-4c2a-b7c2-a33aec133eec,AUTOPISTA DEL OESTE,QUINTANA,NO_PICO,6,B
f2050f62-34ef-4bab-8ef7-8c20525a6e64,4c3fcfe9-84f5-4b57-8875-25145b949a93,322a177d-b623-473e-aa89-c5c7cc3df5cc,AUTOPISTA DEL OESTE,REPUBLICA,PICO,6,B
7a2ca0b5-9629-419e-8713-8191060ab6e6,4c3fcfe9-84f5-4b57-8875-25145b949a93,322a177d-b623-473e-aa89-c5c7cc3df5cc,AUTOPISTA DEL OESTE,REPUBLICA,NO_PICO,6,B
f7a20930-54bf-47fb-81f8-21ce403ed5bb,4c3fcfe9-84f5-4b57-8875-25145b949a93,322a177d-b623-473e-aa89-c5c7cc3df5cc,AUTOPISTA DEL OESTE,REPUBLICA,PICO,7,B
d4591bfa-42ff-4edc-8eb3-e94ffaee9191,4c3fcfe9-84f5-4b57-8875-25145b949a93,322a177d-b623-473e-aa89-c5c7cc3df5cc,AUTOPISTA DEL OESTE,REPUBLICA,NO_PICO,7,B
44c237f1-b9e5-428d-8fc6-802f9998a635,4c3fcfe9-84f5-4b57-8875-25145b949a93,d1e57bdc-b853-4235-b2c6-9b88291e7fd5,AUTOPISTA DEL OESTE,SAN FERNANDO,NO_PICO,2,B
8d467fa4-c8f5-4c86-8d71-4fc427daabfa,4c3fcfe9-84f5-4b57-8875-25145b949a93,d1e57bdc-b853-4235-b2c6-9b88291e7fd5,AUTOPISTA DEL OESTE,SAN FERNANDO,PICO,6,B
72a49fcb-9b8e-4d70-82d3-de9ede15ef26,4c3fcfe9-84f5-4b57-8875-25145b949a93,d1e57bdc-b853-4235-b2c6-9b88291e7fd5,AUTOPISTA DEL OESTE,SAN FERNANDO,NO_PICO,6,B
cb3431a7-9f0c-4aef-825d-e8559b54d206,4c3fcfe9-84f5-4b57-8875-25145b949a93,d1e57bdc-b853-4235-b2c6-9b88291e7fd5,AUTOPISTA DEL OESTE,SAN FERNANDO,NO_PICO,7,B
2ccd274e-a02d-4944-8776-43ac11371d04,4c3fcfe9-84f5-4b57-8875-25145b949a93,ca7dd0f1-9605-44cf-a57a-13707b43fc69,AUTOPISTA DEL OESTE,SANTA ROSA,PICO,6,B
561963c6-c177-46dc-89dc-bd6594cc23d4,4c3fcfe9-84f5-4b57-8875-25145b949a93,ca7dd0f1-9605-44cf-a57a-13707b43fc69,AUTOPISTA DEL OESTE,SANTA ROSA,NO_PICO,6,B
f8d10e13-cb57-47e8-8c9e-1afb2fa2101c,4c3fcfe9-84f5-4b57-8875-25145b949a93,ca7dd0f1-9605-44cf-a57a-13707b43fc69,AUTOPISTA DEL OESTE,SANTA ROSA,NO_PICO,7,B
f07d617b-94e3-4487-8855-413cd61031ab,4c3fcfe9-84f5-4b57-8875-25145b949a93,4795860a-18b5-47b0-a1e1-5149cae53db2,AUTOPISTA DEL OESTE,VERGARA,PICO,2,B
0b3d4d6d-e339-4b5f-88fb-5b6c09a8c478,4c3fcfe9-84f5-4b57-8875-25145b949a93,4795860a-18b5-47b0-a1e1-5149cae53db2,AUTOPISTA DEL OESTE,VERGARA,NO_PICO,2,B
7f74ef35-4015-40be-82ea-2323bb3aac98,4c3fcfe9-84f5-4b57-8875-25145b949a93,4795860a-18b5-47b0-a1e1-5149cae53db2,AUTOPISTA DEL OESTE,VERGARA,PICO,6,B
cdaa7cd6-0dd4-4590-8193-2abdeffb0ce8,4c3fcfe9-84f5-4b57-8875-25145b949a93,4795860a-18b5-47b0-a1e1-5149cae53db2,AUTOPISTA DEL OESTE,VERGARA,NO_PICO,6,B
3bc5573b-875b-4bf0-8556-2a21f411d52f,4c3fcfe9-84f5-4b57-8875-25145b949a93,4795860a-18b5-47b0-a1e1-5149cae53db2,AUTOPISTA DEL OESTE,VERGARA,PICO,7,B
684a556f-4677-4c77-8e41-8c7326b4a3aa,4c3fcfe9-84f5-4b57-8875-25145b949a93,4795860a-18b5-47b0-a1e1-5149cae53db2,AUTOPISTA DEL OESTE,VERGARA,NO_PICO,7,B
7336bbf0-1968-4221-896e-16f705a88540,cc292b0a-f901-4db7-b099-52144e36a1a9,8e7341e6-0c5a-442c-9452-cca8f776a436,Autovía del Mercosur,Colonia,NO_PICO,1,A
26b7ea01-7421-4c47-8107-ef44891df65d,cc292b0a-f901-4db7-b099-52144e36a1a9,8e7341e6-0c5a-442c-9452-cca8f776a436,Autovía del Mercosur,Colonia,NO_PICO,2,B
116861d1-b7c3-4001-8658-d0b9228c88ee,cc292b0a-f901-4db7-b099-52144e36a1a9,8e7341e6-0c5a-442c-9452-cca8f776a436,Autovía del Mercosur,Colonia,NO_PICO,3,B
600ed894-0ded-43e2-8444-8563a123b182,cc292b0a-f901-4db7-b099-52144e36a1a9,8e7341e6-0c5a-442c-9452-cca8f776a436,Autovía del Mercosur,Colonia,NO_PICO,4,A
009c5ff0-9d44-4907-8bcb-79c66c6a088e,cc292b0a-f901-4db7-b099-52144e36a1a9,8e7341e6-0c5a-442c-9452-cca8f776a436,Autovía del Mercosur,Colonia,NO_PICO,5,B
5881dec2-d5f6-44ea-881d-824ba993abab,cc292b0a-f901-4db7-b099-52144e36a1a9,8e7341e6-0c5a-442c-9452-cca8f776a436,Autovía del Mercosur,Colonia,NO_PICO,6,B
b2381998-c2e5-4643-81f7-dac37cb52f37,cc292b0a-f901-4db7-b099-52144e36a1a9,8e7341e6-0c5a-442c-9452-cca8f776a436,Autovía del Mercosur,Colonia,NO_PICO,7,B
5f9dfe45-4892-4047-83f0-8b03bb26b392,cc292b0a-f901-4db7-b099-52144e36a1a9,2af2f8e5-fec2-44c0-8e3e-a72a481b551e,Autovía del Mercosur,Piedritas,NO_PICO,2,B
a51d31c2-776f-4fb9-892a-0884102a7875,cc292b0a-f901-4db7-b099-52144e36a1a9,2af2f8e5-fec2-44c0-8e3e-a72a481b551e,Autovía del Mercosur,Piedritas,NO_PICO,3,B
f6f96a9b-25fc-4594-882a-bf89cf03d16f,cc292b0a-f901-4db7-b099-52144e36a1a9,2af2f8e5-fec2-44c0-8e3e-a72a481b551e,Autovía del Mercosur,Piedritas,NO_PICO,4,A
08069a73-c49e-43c2-8ae7-23c7f2049de0,cc292b0a-f901-4db7-b099-52144e36a1a9,2af2f8e5-fec2-44c0-8e3e-a72a481b551e,Autovía del Mercosur,Piedritas,NO_PICO,5,B
91e873ea-73dc-4e1d-81dd-a9d96019ba4b,cc292b0a-f901-4db7-b099-52144e36a1a9,2af2f8e5-fec2-44c0-8e3e-a72a481b551e,Autovía del Mercosur,Piedritas,NO_PICO,6,B
43758c46-ddc5-4456-81a0-f3565413db40,cc292b0a-f901-4db7-b099-52144e36a1a9,2af2f8e5-fec2-44c0-8e3e-a72a481b551e,Autovía del Mercosur,Piedritas,NO_PICO,7,B
a7609548-00b2-48c0-8c62-543e314beb64,cc292b0a-f901-4db7-b099-52144e36a1a9,0a30e9ee-e9e0-4656-a3be-5db998fda26c,Autovía del Mercosur,YERAU,NO_PICO,2,B
293e627c-8cc7-476d-8b4e-7af96db60f95,cc292b0a-f901-4db7-b099-52144e36a1a9,0a30e9ee-e9e0-4656-a3be-5db998fda26c,Autovía del Mercosur,YERAU,NO_PICO,3,B
b605c0c9-adf4-452a-8c1f-9f9b7d847c5a,cc292b0a-f901-4db7-b099-52144e36a1a9,0a30e9ee-e9e0-4656-a3be-5db998fda26c,Autovía del Mercosur,YERAU,NO_PICO,4,A
785bf8ed-5d1f-4ee0-84a8-a6f4bdf6027d,cc292b0a-f901-4db7-b099-52144e36a1a9,0a30e9ee-e9e0-4656-a3be-5db998fda26c,Autovía del Mercosur,YERAU,NO_PICO,5,B
a13fab0c-e6a6-477c-8c2c-b81d402b74e7,cc292b0a-f901-4db7-b099-52144e36a1a9,0a30e9ee-e9e0-4656-a3be-5db998fda26c,Autovía del Mercosur,YERAU,NO_PICO,6,B
eb5e16fe-4a1b-4f17-85bb-58cd8bb65a27,cc292b0a-f901-4db7-b099-52144e36a1a9,0a30e9ee-e9e0-4656-a3be-5db998fda26c,Autovía del Mercosur,YERAU,NO_PICO,7,B
4c292532-9afd-47e7-8291-18e7231bc0f4,cc292b0a-f901-4db7-b099-52144e36a1a9,c9ed477b-11e7-4698-a81d-97813a9ae538,Autovía del Mercosur,Zarate,NO_PICO,2,B
1ac42dd1-9869-4de7-816a-813f4ea19c18,cc292b0a-f901-4db7-b099-52144e36a1a9,c9ed477b-11e7-4698-a81d-97813a9ae538,Autovía del Mercosur,Zarate,NO_PICO,3,B
58b6a51c-9ff7-46a3-8ee5-b8c1f31b4220,cc292b0a-f901-4db7-b099-52144e36a1a9,c9ed477b-11e7-4698-a81d-97813a9ae538,Autovía del Mercosur,Zarate,NO_PICO,4,B
08df2708-5666-4bcf-8825-a2b5ffb4259a,cc292b0a-f901-4db7-b099-52144e36a1a9,c9ed477b-11e7-4698-a81d-97813a9ae538,Autovía del Mercosur,Zarate,NO_PICO,5,B
924829e4-74cd-41f7-87e7-420f0a4cc374,cc292b0a-f901-4db7-b099-52144e36a1a9,c9ed477b-11e7-4698-a81d-97813a9ae538,Autovía del Mercosur,Zarate,NO_PICO,6,B
3236dd40-de84-4a36-8ee8-ca45fc0c44e9,cc292b0a-f901-4db7-b099-52144e36a1a9,c9ed477b-11e7-4698-a81d-97813a9ae538,Autovía del Mercosur,Zarate,NO_PICO,7,B
02f4d569-e540-4b54-8148-72fd7cad64a6,cc292b0a-f901-4db7-b099-52144e36a1a9,c9ed477b-11e7-4698-a81d-97813a9ae538,Autovía del Mercosur,Zarate,NO_PICO,8,A
a379f1d0-d063-43ac-846d-c2c23917ab8f,2421e557-441c-494e-960c-15819c629318,b7b0dec6-c185-4e7e-b548-2bf300fcafda,CAMINOS DE LAS SIERRAS,Autopista Pilar-Cordoba,NO_PICO,5,B
91c40afe-79b4-4599-82b0-6101b3cba0ae,2421e557-441c-494e-960c-15819c629318,b7b0dec6-c185-4e7e-b548-2bf300fcafda,CAMINOS DE LAS SIERRAS,Autopista Pilar-Cordoba,NO_PICO,6,B
f2ef592a-4963-4767-8565-9a492e919c68,2421e557-441c-494e-960c-15819c629318,b7b0dec6-c185-4e7e-b548-2bf300fcafda,CAMINOS DE LAS SIERRAS,Autopista Pilar-Cordoba,NO_PICO,7,B
7afa8f6d-e872-42a8-87db-fa81388df11c,2421e557-441c-494e-960c-15819c629318,85371114-d2de-4d18-bf99-2e8937305e78,CAMINOS DE LAS SIERRAS,Autovía Calamuchita,NO_PICO,6,B
9b19a85c-5a38-497d-894a-c902290c9362,2421e557-441c-494e-960c-15819c629318,4adc4ef7-7407-4f8d-9a1b-09261ed570b3,CAMINOS DE LAS SIERRAS,Ruta 19,NO_PICO,5,B
5cd5c29a-79ac-4669-8c34-a0fb7bf1adc9,2421e557-441c-494e-960c-15819c629318,4adc4ef7-7407-4f8d-9a1b-09261ed570b3,CAMINOS DE LAS SIERRAS,Ruta 19,NO_PICO,6,B
6977406a-e8af-46da-8312-a9523ad93049,2421e557-441c-494e-960c-15819c629318,4adc4ef7-7407-4f8d-9a1b-09261ed570b3,CAMINOS DE LAS SIERRAS,Ruta 19,NO_PICO,7,B
60b02a8d-a533-4d2e-8378-d7ee353933de,2421e557-441c-494e-960c-15819c629318,db59258b-4174-4dd8-9db5-1dee5ec1412e,CAMINOS DE LAS SIERRAS,Ruta 20,NO_PICO,5,B
bac482b3-61f4-4dbf-80b5-6a1dc32739ab,2421e557-441c-494e-960c-15819c629318,db59258b-4174-4dd8-9db5-1dee5ec1412e,CAMINOS DE LAS SIERRAS,Ruta 20,NO_PICO,6,B
23ac5e87-ce2a-4c1a-8061-03e88d88eccb,2421e557-441c-494e-960c-15819c629318,db59258b-4174-4dd8-9db5-1dee5ec1412e,CAMINOS DE LAS SIERRAS,Ruta 20,NO_PICO,7,B
54a8bc00-3e4b-4e57-816f-93a69a3cd6c1,2421e557-441c-494e-960c-15819c629318,f3a95f72-3ab5-4e25-bae6-af97651d0141,CAMINOS DE LAS SIERRAS,Ruta 36,NO_PICO,6,B
b4a8b51a-f066-423f-89c9-70292db5ba64,2421e557-441c-494e-960c-15819c629318,f3a95f72-3ab5-4e25-bae6-af97651d0141,CAMINOS DE LAS SIERRAS,Ruta 36,NO_PICO,7,B
aacee471-b8e7-4ddd-8981-1308a20fa810,2421e557-441c-494e-960c-15819c629318,ef1d9da3-f250-4cab-bbd0-bdb8cc781f54,CAMINOS DE LAS SIERRAS,Ruta 36 Arroyo Tegua,NO_PICO,6,B
ecb82d92-a8ad-4e48-8e20-bb6b4a8c9b54,2421e557-441c-494e-960c-15819c629318,ef1d9da3-f250-4cab-bbd0-bdb8cc781f54,CAMINOS DE LAS SIERRAS,Ruta 36 Arroyo Tegua,NO_PICO,7,B
60082d06-c45f-4eba-8c46-897e72274bc4,2421e557-441c-494e-960c-15819c629318,33c28f55-ffb1-4370-bb2c-573d99b72d6f,CAMINOS DE LAS SIERRAS,Ruta 36 Piedras Moras,NO_PICO,6,B
63b99902-c99c-4ac1-81fa-3ee7cd0beec5,2421e557-441c-494e-960c-15819c629318,33c28f55-ffb1-4370-bb2c-573d99b72d6f,CAMINOS DE LAS SIERRAS,Ruta 36 Piedras Moras,NO_PICO,7,B
de4db454-d52a-44b4-84a9-58c373b6ab62,2421e557-441c-494e-960c-15819c629318,e6b558dc-9919-4c93-b57e-1ff1baf5d563,CAMINOS DE LAS SIERRAS,Ruta 5,NO_PICO,6,B
58f963a9-fa8b-4226-8158-8806c9b37054,2421e557-441c-494e-960c-15819c629318,d5653f1d-1555-4b98-b668-71837f7544a1,CAMINOS DE LAS SIERRAS,Ruta 9 Nort,NO_PICO,6,B
e6b0e9a5-f7ea-4f5b-8592-91b0aeccc7fa,2421e557-441c-494e-960c-15819c629318,e8d16fb6-f9c2-4842-8779-a444983e9f7a,CAMINOS DE LAS SIERRAS,Ruta 9 Sur,NO_PICO,6,B
b5b0aae3-b701-48aa-8cb6-19cdd83def59,3eee4c95-e7f4-40f3-b028-b43166229f3b,ae89e1e6-6a2a-472a-aa0e-d40480107d2a,CONEXION ALTO DELTA S.A.,"ISLA LA DESEADA - RUTA 174 KM 5,2 (Pte. Rosario-Victoria)",NO_PICO,2,A
94fdeefa-ee75-475b-8667-e40b053e4728,3eee4c95-e7f4-40f3-b028-b43166229f3b,ae89e1e6-6a2a-472a-aa0e-d40480107d2a,CONEXION ALTO DELTA S.A.,"ISLA LA DESEADA - RUTA 174 KM 5,2 (Pte. Rosario-Victoria)",NO_PICO,5,A
20c72302-786e-43df-840c-5a10c65097c5,3eee4c95-e7f4-40f3-b028-b43166229f3b,ae89e1e6-6a2a-472a-aa0e-d40480107d2a,CONEXION ALTO DELTA S.A.,"ISLA LA DESEADA - RUTA 174 KM 5,2 (Pte. Rosario-Victoria)",NO_PICO,6,A
5374a201-6b68-40b3-8f49-c6b6dcae681e,3eee4c95-e7f4-40f3-b028-b43166229f3b,ae89e1e6-6a2a-472a-aa0e-d40480107d2a,CONEXION ALTO DELTA S.A.,"ISLA LA DESEADA - RUTA 174 KM 5,2 (Pte. Rosario-Victoria)",NO_PICO,8,A
de5e1129-f529-4297-898b-b991cbf74ea6,ef0d4301-d970-4bba-a1d0-28f003fbc008,6e59a694-cfd2-4009-be75-3a087ed60f33,CORREDOR VIAL 5 S.A.U.,9 DE JULIO - RUTA 5 KM. 244,NO_PICO,1,A
9905033d-deb9-4635-8c83-9a52422aedc1,ef0d4301-d970-4bba-a1d0-28f003fbc008,6e59a694-cfd2-4009-be75-3a087ed60f33,CORREDOR VIAL 5 S.A.U.,9 DE JULIO - RUTA 5 KM. 244,NO_PICO,2,A
e7c68b94-04a8-4d80-824e-6e40324f7c28,ef0d4301-d970-4bba-a1d0-28f003fbc008,6e59a694-cfd2-4009-be75-3a087ed60f33,CORREDOR VIAL 5 S.A.U.,9 DE JULIO - RUTA 5 KM. 244,NO_PICO,3,A
b08e4c49-d945-4534-8fa9-fc41ffd8ba7e,ef0d4301-d970-4bba-a1d0-28f003fbc008,6e59a694-cfd2-4009-be75-3a087ed60f33,CORREDOR VIAL 5 S.A.U.,9 DE JULIO - RUTA 5 KM. 244,NO_PICO,4,A
3d47a7fc-235d-4126-84cf-b07b31fc9800,ef0d4301-d970-4bba-a1d0-28f003fbc008,6e59a694-cfd2-4009-be75-3a087ed60f33,CORREDOR VIAL 5 S.A.U.,9 DE JULIO - RUTA 5 KM. 244,NO_PICO,5,A
05efc06e-88e0-4256-86fa-e259527b36e9,ef0d4301-d970-4bba-a1d0-28f003fbc008,6e59a694-cfd2-4009-be75-3a087ed60f33,CORREDOR VIAL 5 S.A.U.,9 DE JULIO - RUTA 5 KM. 244,NO_PICO,6,A
b5ff9200-d985-452c-8bbf-1fbc4f1aec6f,ef0d4301-d970-4bba-a1d0-28f003fbc008,52b1f05c-2eea-493a-81bb-d8e11a7c444b,CORREDOR VIAL 5 S.A.U.,OLIVERA - RUTA 5 KM. 86,NO_PICO,1,A
75353497-e0f7-42ce-8713-c688238b3967,ef0d4301-d970-4bba-a1d0-28f003fbc008,52b1f05c-2eea-493a-81bb-d8e11a7c444b,CORREDOR VIAL 5 S.A.U.,OLIVERA - RUTA 5 KM. 86,NO_PICO,2,A
19bb4ef1-0754-4fcd-8cef-031faa053327,ef0d4301-d970-4bba-a1d0-28f003fbc008,52b1f05c-2eea-493a-81bb-d8e11a7c444b,CORREDOR VIAL 5 S.A.U.,OLIVERA - RUTA 5 KM. 86,NO_PICO,3,A
3c98c855-48ae-464c-83dd-48e6c493f2f3,ef0d4301-d970-4bba-a1d0-28f003fbc008,52b1f05c-2eea-493a-81bb-d8e11a7c444b,CORREDOR VIAL 5 S.A.U.,OLIVERA - RUTA 5 KM. 86,NO_PICO,4,A
9249a4a5-a1e5-4e75-8fa8-335c94c22007,ef0d4301-d970-4bba-a1d0-28f003fbc008,52b1f05c-2eea-493a-81bb-d8e11a7c444b,CORREDOR VIAL 5 S.A.U.,OLIVERA - RUTA 5 KM. 86,NO_PICO,5,A
efac819d-f203-4dfe-83e4-83379ef29b04,ef0d4301-d970-4bba-a1d0-28f003fbc008,3913f347-857c-465b-b078-2443f510ba1e,CORREDOR VIAL 5 S.A.U.,TRENQUE LAUQUEN - RUTA 5 KM 429,NO_PICO,1,A
27fa6bb5-a0ab-42a1-8ad0-55a7cfbec287,ef0d4301-d970-4bba-a1d0-28f003fbc008,3913f347-857c-465b-b078-2443f510ba1e,CORREDOR VIAL 5 S.A.U.,TRENQUE LAUQUEN - RUTA 5 KM 429,NO_PICO,3,A
4d03465d-bab6-4ceb-879d-013f4eb17153,ef0d4301-d970-4bba-a1d0-28f003fbc008,3913f347-857c-465b-b078-2443f510ba1e,CORREDOR VIAL 5 S.A.U.,TRENQUE LAUQUEN - RUTA 5 KM 429,NO_PICO,4,A
3ef97ac3-d441-4180-88a3-4d501995fc7f,ef0d4301-d970-4bba-a1d0-28f003fbc008,3913f347-857c-465b-b078-2443f510ba1e,CORREDOR VIAL 5 S.A.U.,TRENQUE LAUQUEN - RUTA 5 KM 429,NO_PICO,5,A
eb1b76cd-fcc7-4b48-8ec0-4a246d406186,c2ee6a1d-9484-4e6e-ac7e-2830069094a6,fcd9575a-30c1-4fe7-8d71-af6d141192c3,CORREDORES VIALES SA,9 DE JULIO - RUTA 5 KM 244,NO_PICO,1,A
ccf9529c-9b9d-4395-8a04-a4af17988fd5,c2ee6a1d-9484-4e6e-ac7e-2830069094a6,fcd9575a-30c1-4fe7-8d71-af6d141192c3,CORREDORES VIALES SA,9 DE JULIO - RUTA 5 KM 244,NO_PICO,2,A
23d90221-bb9c-4ef9-80ce-bfdba055f0a6,c2ee6a1d-9484-4e6e-ac7e-2830069094a6,fcd9575a-30c1-4fe7-8d71-af6d141192c3,CORREDORES VIALES SA,9 DE JULIO - RUTA 5 KM 244,NO_PICO,3,A
c7098ffe-ae67-440e-8a50-69ea57b9419a,c2ee6a1d-9484-4e6e-ac7e-2830069094a6,fcd9575a-30c1-4fe7-8d71-af6d141192c3,CORREDORES VIALES SA,9 DE JULIO - RUTA 5 KM 244,NO_PICO,4,A
05dfa91d-20ee-42ac-8e37-ef438acb5bb6,c2ee6a1d-9484-4e6e-ac7e-2830069094a6,fcd9575a-30c1-4fe7-8d71-af6d141192c3,CORREDORES VIALES SA,9 DE JULIO - RUTA 5 KM 244,NO_PICO,5,A
0cbb5d73-254f-4f26-89c8-7e388369a2d7,c2ee6a1d-9484-4e6e-ac7e-2830069094a6,c64522bd-b761-4024-82d3-b594750ca6f0,CORREDORES VIALES SA,93,NO_PICO,6,B
d266757b-81d2-4c23-8d6c-988278765c5b,c2ee6a1d-9484-4e6e-ac7e-2830069094a6,752c9932-6f2d-4dca-bed6-699cbccbbbf3,CORREDORES VIALES SA,CAÑUELAS - RUTA 3 KM. 76,NO_PICO,1,A
cc5fbb76-f3a3-48f9-8994-b8a2bc0d9127,c2ee6a1d-9484-4e6e-ac7e-2830069094a6,752c9932-6f2d-4dca-bed6-699cbccbbbf3,CORREDORES VIALES SA,CAÑUELAS - RUTA 3 KM. 76,NO_PICO,2,A
8ebbdbf6-82e9-4aba-8d07-4fbd5eca3c21,c2ee6a1d-9484-4e6e-ac7e-2830069094a6,752c9932-6f2d-4dca-bed6-699cbccbbbf3,CORREDORES VIALES SA,CAÑUELAS - RUTA 3 KM. 76,NO_PICO,3,A
51220f92-b8a0-420e-86b3-674790979308,c2ee6a1d-9484-4e6e-ac7e-2830069094a6,752c9932-6f2d-4dca-bed6-699cbccbbbf3,CORREDORES VIALES SA,CAÑUELAS - RUTA 3 KM. 76,NO_PICO,4,A
19eb4d80-096c-4b32-8089-aba6d9b8faa6,c2ee6a1d-9484-4e6e-ac7e-2830069094a6,752c9932-6f2d-4dca-bed6-699cbccbbbf3,CORREDORES VIALES SA,CAÑUELAS - RUTA 3 KM. 76,NO_PICO,5,A
b55979fb-1402-41bb-801d-5b8d276abbe9,c2ee6a1d-9484-4e6e-ac7e-2830069094a6,1587ab7e-997c-4235-9b75-3984c40b32c9,CORREDORES VIALES SA,CARCARAÑA - AUTOVIA ROSARIO - CORDOBA KM. 356,NO_PICO,1,A
9465811a-808d-4c97-8e9c-9b5fcfc2e1a2,c2ee6a1d-9484-4e6e-ac7e-2830069094a6,1587ab7e-997c-4235-9b75-3984c40b32c9,CORREDORES VIALES SA,CARCARAÑA - AUTOVIA ROSARIO - CORDOBA KM. 356,NO_PICO,2,A
3216cb53-4eb1-4684-885f-fc8195ee3d27,c2ee6a1d-9484-4e6e-ac7e-2830069094a6,1587ab7e-997c-4235-9b75-3984c40b32c9,CORREDORES VIALES SA,CARCARAÑA - AUTOVIA ROSARIO - CORDOBA KM. 356,NO_PICO,3,A
abe1b17d-0f8d-4f28-88a6-01545831aa19,c2ee6a1d-9484-4e6e-ac7e-2830069094a6,1587ab7e-997c-4235-9b75-3984c40b32c9,CORREDORES VIALES SA,CARCARAÑA - AUTOVIA ROSARIO - CORDOBA KM. 356,NO_PICO,4,A
320818f5-9720-4e9e-8ea7-1910a2eb7d7a,c2ee6a1d-9484-4e6e-ac7e-2830069094a6,1587ab7e-997c-4235-9b75-3984c40b32c9,CORREDORES VIALES SA,CARCARAÑA - AUTOVIA ROSARIO - CORDOBA KM. 356,NO_PICO,5,A
56a21d85-27c3-4c95-8fea-c24121b06a7a,c2ee6a1d-9484-4e6e-ac7e-2830069094a6,96950e1b-e362-4119-8b0f-3f7472bed3b1,CORREDORES VIALES SA,CERES - RUTA 34 KM 378,NO_PICO,4,A
a3160546-b814-459d-8049-cf4e039ef419,c2ee6a1d-9484-4e6e-ac7e-2830069094a6,96950e1b-e362-4119-8b0f-3f7472bed3b1,CORREDORES VIALES SA,CERES - RUTA 34 KM 378,NO_PICO,7,A
e550e213-be80-4b1c-802b-67ce555dc19b,c2ee6a1d-9484-4e6e-ac7e-2830069094a6,29d6ac9c-eabc-4e66-a83f-c1fb800607fb,CORREDORES VIALES SA,COLONIA VICTORIA - RN 12 - Km 1551 - C. VICTORIA - MISIONES,NO_PICO,2,A
3c87995d-d920-4188-825d-8f5a3f165678,c2ee6a1d-9484-4e6e-ac7e-2830069094a6,29d6ac9c-eabc-4e66-a83f-c1fb800607fb,CORREDORES VIALES SA,COLONIA VICTORIA - RN 12 - Km 1551 - C. VICTORIA - MISIONES,NO_PICO,3,A
886a6543-6e7d-4d87-8222-fb2a2ea61c18,c2ee6a1d-9484-4e6e-ac7e-2830069094a6,29d6ac9c-eabc-4e66-a83f-c1fb800607fb,CORREDORES VIALES SA,COLONIA VICTORIA - RN 12 - Km 1551 - C. VICTORIA - MISIONES,NO_PICO,4,A
90ce2b18-b90d-499c-8e06-36031671c9bc,c2ee6a1d-9484-4e6e-ac7e-2830069094a6,29d6ac9c-eabc-4e66-a83f-c1fb800607fb,CORREDORES VIALES SA,COLONIA VICTORIA - RN 12 - Km 1551 - C. VICTORIA - MISIONES,NO_PICO,5,A
bc5922e5-c3c8-4672-8f49-4f38e2ac2457,c2ee6a1d-9484-4e6e-ac7e-2830069094a6,29d6ac9c-eabc-4e66-a83f-c1fb800607fb,CORREDORES VIALES SA,COLONIA VICTORIA - RN 12 - Km 1551 - C. VICTORIA - MISIONES,NO_PICO,6,A
bb636761-6720-4f91-86de-12b8314b6822,c2ee6a1d-9484-4e6e-ac7e-2830069094a6,6550fae4-8b98-41e9-9ba1-2a1556b867c6,CORREDORES VIALES SA,DEVOTO - RUTA 19 KM 142,NO_PICO,4,A
f4ab6bf6-c9b8-431f-863b-77855f81af3d,c2ee6a1d-9484-4e6e-ac7e-2830069094a6,6550fae4-8b98-41e9-9ba1-2a1556b867c6,CORREDORES VIALES SA,DEVOTO - RUTA 19 KM 142,NO_PICO,5,A
81cd490c-a099-4ecd-8d45-b71cf95c8e37,c2ee6a1d-9484-4e6e-ac7e-2830069094a6,d85f2bae-0aa1-4128-8b9a-e9f4383d10d0,CORREDORES VIALES SA,DONOVAN,NO_PICO,2,B
48ac2f48-d19b-449a-8edf-d2eed5ab756e,c2ee6a1d-9484-4e6e-ac7e-2830069094a6,d85f2bae-0aa1-4128-8b9a-e9f4383d10d0,CORREDORES VIALES SA,DONOVAN,PICO,6,B
4bad68db-0b0f-4425-8364-15b41754549e,c2ee6a1d-9484-4e6e-ac7e-2830069094a6,d85f2bae-0aa1-4128-8b9a-e9f4383d10d0,CORREDORES VIALES SA,DONOVAN,NO_PICO,6,B
7e75801b-b9da-474c-8d5d-5c3a8db2a5b1,c2ee6a1d-9484-4e6e-ac7e-2830069094a6,d85f2bae-0aa1-4128-8b9a-e9f4383d10d0,CORREDORES VIALES SA,DONOVAN,PICO,7,B
9c6c406c-b3c6-4e1e-84f3-85d8c6ccd55a,c2ee6a1d-9484-4e6e-ac7e-2830069094a6,00f89843-53f3-4d68-82c0-ac45a915eec1,CORREDORES VIALES SA,EL DORADO - RUTA 226 KM. 31,NO_PICO,5,A
1eb1456a-ee23-471e-8801-310dee193c0f,c2ee6a1d-9484-4e6e-ac7e-2830069094a6,c71d9e9e-143c-498f-a1a8-fd6aa7b48493,CORREDORES VIALES SA,EZEIZA,PICO,4,B
d681702b-cf0b-4e46-86dc-983be8445d80,c2ee6a1d-9484-4e6e-ac7e-2830069094a6,c71d9e9e-143c-498f-a1a8-fd6aa7b48493,CORREDORES VIALES SA,EZEIZA,PICO,6,B
268d62a4-4d94-4be7-8e45-36da7e81b7a6,c2ee6a1d-9484-4e6e-ac7e-2830069094a6,c71d9e9e-143c-498f-a1a8-fd6aa7b48493,CORREDORES VIALES SA,EZEIZA,NO_PICO,6,B
dcbaac1a-940b-4635-8dab-c39fdd45a63a,c2ee6a1d-9484-4e6e-ac7e-2830069094a6,c71d9e9e-143c-498f-a1a8-fd6aa7b48493,CORREDORES VIALES SA,EZEIZA,PICO,7,B
ccf0061f-3216-4a9c-84f1-95fb159351fe,c2ee6a1d-9484-4e6e-ac7e-2830069094a6,c71d9e9e-143c-498f-a1a8-fd6aa7b48493,CORREDORES VIALES SA,EZEIZA,NO_PICO,7,B
bc0b7d52-9cc1-4773-885c-0ed5d50043a6,c2ee6a1d-9484-4e6e-ac7e-2830069094a6,525be66f-7699-44c3-b372-e037d432b938,CORREDORES VIALES SA,FRANCK - RUTA 19 KM 20,NO_PICO,4,A
51739af4-6efa-4800-8102-b218a4e36730,c2ee6a1d-9484-4e6e-ac7e-2830069094a6,525be66f-7699-44c3-b372-e037d432b938,CORREDORES VIALES SA,FRANCK - RUTA 19 KM 20,NO_PICO,5,A
82a0627f-22c0-4b50-8e58-9724808dc0c6,c2ee6a1d-9484-4e6e-ac7e-2830069094a6,f12f9dcd-073e-4d55-b72b-9ea09a59251d,CORREDORES VIALES SA,HINOJO - RUTA 226 KM. 276,NO_PICO,1,A
29a5b36e-c940-47c8-858f-9d68c3a45c2c,c2ee6a1d-9484-4e6e-ac7e-2830069094a6,f12f9dcd-073e-4d55-b72b-9ea09a59251d,CORREDORES VIALES SA,HINOJO - RUTA 226 KM. 276,NO_PICO,3,A
1eb060e4-00a3-4a4b-8823-98957fc488c2,c2ee6a1d-9484-4e6e-ac7e-2830069094a6,f12f9dcd-073e-4d55-b72b-9ea09a59251d,CORREDORES VIALES SA,HINOJO - RUTA 226 KM. 276,NO_PICO,4,A
de992cb5-8a64-448c-824d-314bf9ade137,c2ee6a1d-9484-4e6e-ac7e-2830069094a6,f12f9dcd-073e-4d55-b72b-9ea09a59251d,CORREDORES VIALES SA,HINOJO - RUTA 226 KM. 276,NO_PICO,5,A
f85034ec-ac28-421a-8802-31f50b0e80c6,c2ee6a1d-9484-4e6e-ac7e-2830069094a6,f8b42b67-f5a9-4bcc-9eef-8d1dc040515a,CORREDORES VIALES SA,ITUZAINGO - RN 12 - Km 1262 - ITUZINGÓ - CORRIENTES,NO_PICO,4,A
b983a4c1-c54f-4be2-8c0f-674d97d17ba0,c2ee6a1d-9484-4e6e-ac7e-2830069094a6,f8b42b67-f5a9-4bcc-9eef-8d1dc040515a,CORREDORES VIALES SA,ITUZAINGO - RN 12 - Km 1262 - ITUZINGÓ - CORRIENTES,NO_PICO,5,A
264ebfe9-e3d6-47b2-8d13-82b632bbc557,c2ee6a1d-9484-4e6e-ac7e-2830069094a6,a2facb41-ca0e-482a-ae67-e3422ab7ef9b,CORREDORES VIALES SA,JAMES CRAIK - AUTOVIA ROSARIO - CORDOBA KM. 595,NO_PICO,1,A
cd283c80-ee9d-49b0-8c7a-3e54096de0b6,c2ee6a1d-9484-4e6e-ac7e-2830069094a6,a2facb41-ca0e-482a-ae67-e3422ab7ef9b,CORREDORES VIALES SA,JAMES CRAIK - AUTOVIA ROSARIO - CORDOBA KM. 595,NO_PICO,2,A
9483e056-57df-474c-8b31-9176da90c8d8,c2ee6a1d-9484-4e6e-ac7e-2830069094a6,a2facb41-ca0e-482a-ae67-e3422ab7ef9b,CORREDORES VIALES SA,JAMES CRAIK - AUTOVIA ROSARIO - CORDOBA KM. 595,NO_PICO,3,A
3841fe24-7b26-471c-874b-a084293e0738,c2ee6a1d-9484-4e6e-ac7e-2830069094a6,a2facb41-ca0e-482a-ae67-e3422ab7ef9b,CORREDORES VIALES SA,JAMES CRAIK - AUTOVIA ROSARIO - CORDOBA KM. 595,NO_PICO,4,A
8fce27b7-0fa7-429b-8c29-237bf472b228,c2ee6a1d-9484-4e6e-ac7e-2830069094a6,a2facb41-ca0e-482a-ae67-e3422ab7ef9b,CORREDORES VIALES SA,JAMES CRAIK - AUTOVIA ROSARIO - CORDOBA KM. 595,NO_PICO,5,A
daa2de7b-1c79-4e70-8326-07b1c380489d,c2ee6a1d-9484-4e6e-ac7e-2830069094a6,a2facb41-ca0e-482a-ae67-e3422ab7ef9b,CORREDORES VIALES SA,JAMES CRAIK - AUTOVIA ROSARIO - CORDOBA KM. 595,NO_PICO,6,B
cc19904a-8c39-4bb2-8c77-f69fb12216e4,c2ee6a1d-9484-4e6e-ac7e-2830069094a6,a2facb41-ca0e-482a-ae67-e3422ab7ef9b,CORREDORES VIALES SA,JAMES CRAIK - AUTOVIA ROSARIO - CORDOBA KM. 595,NO_PICO,7,B
1aa610f7-c4a9-4797-8596-6b4b85af7f09,c2ee6a1d-9484-4e6e-ac7e-2830069094a6,fe288616-95d8-4f38-a8ec-2142e4182910,CORREDORES VIALES SA,"JUNIN - RUTA 188 KM 152,20",NO_PICO,4,A
910eec47-38b3-471d-8c78-87a9ffbfd95f,c2ee6a1d-9484-4e6e-ac7e-2830069094a6,fe288616-95d8-4f38-a8ec-2142e4182910,CORREDORES VIALES SA,"JUNIN - RUTA 188 KM 152,20",NO_PICO,5,A
20515d86-09ea-4257-83e5-f286b2d155f7,c2ee6a1d-9484-4e6e-ac7e-2830069094a6,4ade3013-aa9f-4fab-a1fc-33f4966766ab,CORREDORES VIALES SA,JUNIN (R7) - RUTA 7 KM. 272,NO_PICO,2,A
25a59e45-673c-41fa-847b-9e89fc6ddd6e,c2ee6a1d-9484-4e6e-ac7e-2830069094a6,4ade3013-aa9f-4fab-a1fc-33f4966766ab,CORREDORES VIALES SA,JUNIN (R7) - RUTA 7 KM. 272,NO_PICO,3,A
8abcf441-52ed-4d72-8815-41ce00ea5d82,c2ee6a1d-9484-4e6e-ac7e-2830069094a6,4ade3013-aa9f-4fab-a1fc-33f4966766ab,CORREDORES VIALES SA,JUNIN (R7) - RUTA 7 KM. 272,NO_PICO,4,A
8f13dc72-e6df-4a56-82da-b0cf5e62d806,c2ee6a1d-9484-4e6e-ac7e-2830069094a6,4ade3013-aa9f-4fab-a1fc-33f4966766ab,CORREDORES VIALES SA,JUNIN (R7) - RUTA 7 KM. 272,NO_PICO,5,A
ae6bda40-cbcd-4b00-81a7-de06fa2047ed,c2ee6a1d-9484-4e6e-ac7e-2830069094a6,75a8dcca-f065-4e8d-aab0-4272061cbd2a,CORREDORES VIALES SA,LAGOS - RUTA 9 KM. 272,NO_PICO,1,A
2908e525-c3ff-4f63-8bfd-ad4d053111e8,c2ee6a1d-9484-4e6e-ac7e-2830069094a6,75a8dcca-f065-4e8d-aab0-4272061cbd2a,CORREDORES VIALES SA,LAGOS - RUTA 9 KM. 272,NO_PICO,2,A
7fbb9f1b-8402-47b9-8a66-570d79625cd0,c2ee6a1d-9484-4e6e-ac7e-2830069094a6,75a8dcca-f065-4e8d-aab0-4272061cbd2a,CORREDORES VIALES SA,LAGOS - RUTA 9 KM. 272,NO_PICO,3,A
4f035d00-f1d3-42c1-8e4b-e247149f4432,c2ee6a1d-9484-4e6e-ac7e-2830069094a6,75a8dcca-f065-4e8d-aab0-4272061cbd2a,CORREDORES VIALES SA,LAGOS - RUTA 9 KM. 272,NO_PICO,4,A
822fa487-43a3-45f6-8ef8-324f7d778490,c2ee6a1d-9484-4e6e-ac7e-2830069094a6,75a8dcca-f065-4e8d-aab0-4272061cbd2a,CORREDORES VIALES SA,LAGOS - RUTA 9 KM. 272,NO_PICO,5,A
a40bd8d6-8a47-455b-8363-c1851dd141da,c2ee6a1d-9484-4e6e-ac7e-2830069094a6,a826d372-7f15-4be8-a56c-33834ccb2097,CORREDORES VIALES SA,LARENA - RUTA 8 KM 65,NO_PICO,1,A
97649de4-7904-4b4e-8397-4646454464b8,c2ee6a1d-9484-4e6e-ac7e-2830069094a6,a826d372-7f15-4be8-a56c-33834ccb2097,CORREDORES VIALES SA,LARENA - RUTA 8 KM 65,NO_PICO,2,A
83cc8ac6-cbf1-4805-81b9-df937140db43,c2ee6a1d-9484-4e6e-ac7e-2830069094a6,a826d372-7f15-4be8-a56c-33834ccb2097,CORREDORES VIALES SA,LARENA - RUTA 8 KM 65,NO_PICO,3,A
ebbc43b7-9d1e-4dac-8be8-d3b7ce2a9615,c2ee6a1d-9484-4e6e-ac7e-2830069094a6,a826d372-7f15-4be8-a56c-33834ccb2097,CORREDORES VIALES SA,LARENA - RUTA 8 KM 65,NO_PICO,4,A
7eb17466-6b59-4abc-8554-56a1379f1029,c2ee6a1d-9484-4e6e-ac7e-2830069094a6,a826d372-7f15-4be8-a56c-33834ccb2097,CORREDORES VIALES SA,LARENA - RUTA 8 KM 65,NO_PICO,5,A
56ec05f9-88ac-412b-8b10-884c59f390ba,c2ee6a1d-9484-4e6e-ac7e-2830069094a6,be085d27-f5dd-4618-a63d-fa1730860c27,CORREDORES VIALES SA,MAKALLE - RN 16 - Km 59.80 - MAKALLÉ - CHACO,NO_PICO,2,A
c78efb2a-a3f5-4e32-829b-0e9debe8658a,c2ee6a1d-9484-4e6e-ac7e-2830069094a6,be085d27-f5dd-4618-a63d-fa1730860c27,CORREDORES VIALES SA,MAKALLE - RN 16 - Km 59.80 - MAKALLÉ - CHACO,NO_PICO,4,A
78f49276-e0b1-4f3d-8160-dbffd1c9d488,c2ee6a1d-9484-4e6e-ac7e-2830069094a6,be085d27-f5dd-4618-a63d-fa1730860c27,CORREDORES VIALES SA,MAKALLE - RN 16 - Km 59.80 - MAKALLÉ - CHACO,NO_PICO,5,A
66e1eae8-d205-4196-8e06-ad6a7bb0f2b9,c2ee6a1d-9484-4e6e-ac7e-2830069094a6,f7159ff3-ca5e-409b-9f36-0c41844b81ba,CORREDORES VIALES SA,MONTE GRANDE,NO_PICO,2,B
064e8490-aa66-4fa3-8cc3-264e2a8ace58,c2ee6a1d-9484-4e6e-ac7e-2830069094a6,f7159ff3-ca5e-409b-9f36-0c41844b81ba,CORREDORES VIALES SA,MONTE GRANDE,PICO,4,B
7f54d235-090c-4856-87bb-20b2d001ac00,c2ee6a1d-9484-4e6e-ac7e-2830069094a6,f7159ff3-ca5e-409b-9f36-0c41844b81ba,CORREDORES VIALES SA,MONTE GRANDE,PICO,6,B
1b853ccd-019a-4d0b-8add-a4b966ddc6ec,c2ee6a1d-9484-4e6e-ac7e-2830069094a6,f7159ff3-ca5e-409b-9f36-0c41844b81ba,CORREDORES VIALES SA,MONTE GRANDE,NO_PICO,6,B
2d5372b4-066b-4b8d-8162-d265f5b4171d,c2ee6a1d-9484-4e6e-ac7e-2830069094a6,f7159ff3-ca5e-409b-9f36-0c41844b81ba,CORREDORES VIALES SA,MONTE GRANDE,PICO,7,B
f1e80861-bf04-472f-8922-957700148663,c2ee6a1d-9484-4e6e-ac7e-2830069094a6,f7159ff3-ca5e-409b-9f36-0c41844b81ba,CORREDORES VIALES SA,MONTE GRANDE,NO_PICO,7,B
285f0ca3-332b-479b-8f8c-ac45fbf2dbef,c2ee6a1d-9484-4e6e-ac7e-2830069094a6,7ebccf05-b9e6-44ca-836c-54ac91ecc213,CORREDORES VIALES SA,OLIVERA - RUTA 5 KM. 86,NO_PICO,1,A
cd67ecc7-9f17-4ed9-81d0-4183264f9049,c2ee6a1d-9484-4e6e-ac7e-2830069094a6,7ebccf05-b9e6-44ca-836c-54ac91ecc213,CORREDORES VIALES SA,OLIVERA - RUTA 5 KM. 86,NO_PICO,2,A
ffe2a6e7-7616-4d89-88e7-0b208ac0bc6a,c2ee6a1d-9484-4e6e-ac7e-2830069094a6,7ebccf05-b9e6-44ca-836c-54ac91ecc213,CORREDORES VIALES SA,OLIVERA - RUTA 5 KM. 86,NO_PICO,3,A
e3b27c12-3b26-4f0c-866a-a137ac0cb1b7,c2ee6a1d-9484-4e6e-ac7e-2830069094a6,7ebccf05-b9e6-44ca-836c-54ac91ecc213,CORREDORES VIALES SA,OLIVERA - RUTA 5 KM. 86,NO_PICO,4,A
921ace6e-c2cb-47d9-810b-912afb46b1da,c2ee6a1d-9484-4e6e-ac7e-2830069094a6,7ebccf05-b9e6-44ca-836c-54ac91ecc213,CORREDORES VIALES SA,OLIVERA - RUTA 5 KM. 86,NO_PICO,5,A
0ac1a82d-3a71-42ce-8e5d-6fdf6eb6d095,c2ee6a1d-9484-4e6e-ac7e-2830069094a6,b44d7fcd-45e7-4066-aecd-b2c4785e9683,CORREDORES VIALES SA,PUENTE GRAL. BELGRANO - RN 16 - Km 5.00 - BARRANQUERAS - CHACO,NO_PICO,4,A
fe72133c-3a12-4a20-89e6-a0e11bb618bd,c2ee6a1d-9484-4e6e-ac7e-2830069094a6,b44d7fcd-45e7-4066-aecd-b2c4785e9683,CORREDORES VIALES SA,PUENTE GRAL. BELGRANO - RN 16 - Km 5.00 - BARRANQUERAS - CHACO,NO_PICO,5,A
b2a3b01a-29b8-4d24-849c-c3017943ccbc,c2ee6a1d-9484-4e6e-ac7e-2830069094a6,060b4e11-d1da-492f-a48a-81996cc63653,CORREDORES VIALES SA,RIACHUELO - RN 12 - Km 1014 - RIACHUELO - CORRIENTES,NO_PICO,4,A
49917016-1fb4-4710-810f-52e70854405c,c2ee6a1d-9484-4e6e-ac7e-2830069094a6,060b4e11-d1da-492f-a48a-81996cc63653,CORREDORES VIALES SA,RIACHUELO - RN 12 - Km 1014 - RIACHUELO - CORRIENTES,NO_PICO,5,A
e8ff6345-958e-4bd4-8477-208b8a5f291d,c2ee6a1d-9484-4e6e-ac7e-2830069094a6,be8c67bc-4740-4bdd-b12d-c2dafa2061b0,CORREDORES VIALES SA,RICCHIERI,PICO,1,B
8b93500f-3a00-4669-8dd8-90105619b0c1,c2ee6a1d-9484-4e6e-ac7e-2830069094a6,be8c67bc-4740-4bdd-b12d-c2dafa2061b0,CORREDORES VIALES SA,RICCHIERI,PICO,2,B
609838f1-8719-42cb-849c-7c4284fa6a0a,c2ee6a1d-9484-4e6e-ac7e-2830069094a6,be8c67bc-4740-4bdd-b12d-c2dafa2061b0,CORREDORES VIALES SA,RICCHIERI,NO_PICO,2,B
bb9651a9-06e4-4c1e-88aa-f8aed9069ad7,c2ee6a1d-9484-4e6e-ac7e-2830069094a6,be8c67bc-4740-4bdd-b12d-c2dafa2061b0,CORREDORES VIALES SA,RICCHIERI,PICO,3,B
56623032-335e-4af2-8862-008a0a653df0,c2ee6a1d-9484-4e6e-ac7e-2830069094a6,be8c67bc-4740-4bdd-b12d-c2dafa2061b0,CORREDORES VIALES SA,RICCHIERI,PICO,4,B
481dc551-0694-4361-8adb-586807f5dcb9,c2ee6a1d-9484-4e6e-ac7e-2830069094a6,be8c67bc-4740-4bdd-b12d-c2dafa2061b0,CORREDORES VIALES SA,RICCHIERI,NO_PICO,5,B
9f945536-dcb2-4359-89f9-a98e0483629e,c2ee6a1d-9484-4e6e-ac7e-2830069094a6,be8c67bc-4740-4bdd-b12d-c2dafa2061b0,CORREDORES VIALES SA,RICCHIERI,PICO,6,B
8940bf15-ea28-4a4d-84a0-bbf85abb85cf,c2ee6a1d-9484-4e6e-ac7e-2830069094a6,be8c67bc-4740-4bdd-b12d-c2dafa2061b0,CORREDORES VIALES SA,RICCHIERI,NO_PICO,6,B
bea20383-3269-42a6-809f-26e5733e2960,c2ee6a1d-9484-4e6e-ac7e-2830069094a6,be8c67bc-4740-4bdd-b12d-c2dafa2061b0,CORREDORES VIALES SA,RICCHIERI,PICO,7,B
260822dc-8ec4-48f1-8cbf-872f11997f33,c2ee6a1d-9484-4e6e-ac7e-2830069094a6,be8c67bc-4740-4bdd-b12d-c2dafa2061b0,CORREDORES VIALES SA,RICCHIERI,NO_PICO,7,B
8dc8109a-27e2-4f6c-82a9-121b0f289519,c2ee6a1d-9484-4e6e-ac7e-2830069094a6,4ae9b6d9-03e0-4af0-a23b-35e1522f8275,CORREDORES VIALES SA,SAMPACHO - RUTA 8 KM 655,NO_PICO,4,A
8985260e-459f-4602-8c78-84816ecd8dda,c2ee6a1d-9484-4e6e-ac7e-2830069094a6,4ae9b6d9-03e0-4af0-a23b-35e1522f8275,CORREDORES VIALES SA,SAMPACHO - RUTA 8 KM 655,NO_PICO,5,A
31b67da6-a0cf-498d-847a-323e7d908778,c2ee6a1d-9484-4e6e-ac7e-2830069094a6,bf82e92c-fd5d-4909-91bc-265febd4b60f,CORREDORES VIALES SA,SAN VICENTE - RUTA 34 KM 160,NO_PICO,3,A
77e44855-1058-458e-8a84-00662f60b118,c2ee6a1d-9484-4e6e-ac7e-2830069094a6,bf82e92c-fd5d-4909-91bc-265febd4b60f,CORREDORES VIALES SA,SAN VICENTE - RUTA 34 KM 160,NO_PICO,4,A
4aece0b4-d681-4de7-81fe-582d2cdc8c38,c2ee6a1d-9484-4e6e-ac7e-2830069094a6,bf82e92c-fd5d-4909-91bc-265febd4b60f,CORREDORES VIALES SA,SAN VICENTE - RUTA 34 KM 160,NO_PICO,5,A
4604c384-054e-4ba5-89f1-4f6d7344718b,c2ee6a1d-9484-4e6e-ac7e-2830069094a6,fedb68d2-4eef-4460-9dfd-ccbd5edf0ebf,CORREDORES VIALES SA,SANTA ANA - RN 12 - Km 1375 - SANTA ANA - MISIONES,NO_PICO,2,A
b4ec8d64-34cd-438b-8ef1-42a79168ef52,c2ee6a1d-9484-4e6e-ac7e-2830069094a6,fedb68d2-4eef-4460-9dfd-ccbd5edf0ebf,CORREDORES VIALES SA,SANTA ANA - RN 12 - Km 1375 - SANTA ANA - MISIONES,NO_PICO,3,A
9fa0f145-70f7-4536-868c-874397cc7adf,c2ee6a1d-9484-4e6e-ac7e-2830069094a6,fedb68d2-4eef-4460-9dfd-ccbd5edf0ebf,CORREDORES VIALES SA,SANTA ANA - RN 12 - Km 1375 - SANTA ANA - MISIONES,NO_PICO,4,A
2bb31b5b-7854-4f90-8c3a-5239a88adfdd,c2ee6a1d-9484-4e6e-ac7e-2830069094a6,fedb68d2-4eef-4460-9dfd-ccbd5edf0ebf,CORREDORES VIALES SA,SANTA ANA - RN 12 - Km 1375 - SANTA ANA - MISIONES,NO_PICO,5,A
d5d8ec2e-6ac3-47b3-895f-4c1e64958bc8,c2ee6a1d-9484-4e6e-ac7e-2830069094a6,6c9f4d18-b834-45d5-b10c-7ca4d573cd30,CORREDORES VIALES SA,SOLIS - RUTA 8 KM 102,NO_PICO,1,A
de46f4dd-b159-46fb-8c15-392cf6615139,c2ee6a1d-9484-4e6e-ac7e-2830069094a6,6c9f4d18-b834-45d5-b10c-7ca4d573cd30,CORREDORES VIALES SA,SOLIS - RUTA 8 KM 102,NO_PICO,2,A
8ff5dee8-e524-4514-8436-875635ad8fdc,c2ee6a1d-9484-4e6e-ac7e-2830069094a6,6c9f4d18-b834-45d5-b10c-7ca4d573cd30,CORREDORES VIALES SA,SOLIS - RUTA 8 KM 102,NO_PICO,3,A
8266ef4e-6c59-48af-8970-fd55654f137d,c2ee6a1d-9484-4e6e-ac7e-2830069094a6,6c9f4d18-b834-45d5-b10c-7ca4d573cd30,CORREDORES VIALES SA,SOLIS - RUTA 8 KM 102,NO_PICO,4,A
1d79eee7-775b-493f-85fd-4d3007d24a7b,c2ee6a1d-9484-4e6e-ac7e-2830069094a6,6c9f4d18-b834-45d5-b10c-7ca4d573cd30,CORREDORES VIALES SA,SOLIS - RUTA 8 KM 102,NO_PICO,5,A
2cb215f1-e9fb-43b4-8595-7293200c5402,c2ee6a1d-9484-4e6e-ac7e-2830069094a6,323c1857-0351-49c7-8dd3-def53d71870d,CORREDORES VIALES SA,TANDIL (VASCONIA) - RUTA 226 KM. 153,NO_PICO,3,A
d5aab35a-8547-434e-88da-66479958f516,c2ee6a1d-9484-4e6e-ac7e-2830069094a6,323c1857-0351-49c7-8dd3-def53d71870d,CORREDORES VIALES SA,TANDIL (VASCONIA) - RUTA 226 KM. 153,NO_PICO,4,A
844882bb-1b0a-45c3-874d-bd873b02e38e,c2ee6a1d-9484-4e6e-ac7e-2830069094a6,323c1857-0351-49c7-8dd3-def53d71870d,CORREDORES VIALES SA,TANDIL (VASCONIA) - RUTA 226 KM. 153,NO_PICO,5,A
cf9fe56c-cb78-42e7-8b6e-883d11e48fec,c2ee6a1d-9484-4e6e-ac7e-2830069094a6,c5dd1ce4-ed50-4a20-ad4f-22bfb5965c1a,CORREDORES VIALES SA,TRENQUE LAUQUEN - RUTA 5 KM 429,NO_PICO,1,A
5909be94-39fd-4fdf-8c5c-85fbf7ab748b,c2ee6a1d-9484-4e6e-ac7e-2830069094a6,c5dd1ce4-ed50-4a20-ad4f-22bfb5965c1a,CORREDORES VIALES SA,TRENQUE LAUQUEN - RUTA 5 KM 429,NO_PICO,2,A
5bcc0979-84a7-4bbc-8ff1-8500bc5ff526,c2ee6a1d-9484-4e6e-ac7e-2830069094a6,c5dd1ce4-ed50-4a20-ad4f-22bfb5965c1a,CORREDORES VIALES SA,TRENQUE LAUQUEN - RUTA 5 KM 429,NO_PICO,3,A
a36b5b95-bcfa-487a-8a71-f2233b70e270,c2ee6a1d-9484-4e6e-ac7e-2830069094a6,c5dd1ce4-ed50-4a20-ad4f-22bfb5965c1a,CORREDORES VIALES SA,TRENQUE LAUQUEN - RUTA 5 KM 429,NO_PICO,4,A
f16565db-7e0e-4732-8072-a3a99878c3fb,c2ee6a1d-9484-4e6e-ac7e-2830069094a6,c5dd1ce4-ed50-4a20-ad4f-22bfb5965c1a,CORREDORES VIALES SA,TRENQUE LAUQUEN - RUTA 5 KM 429,NO_PICO,5,A
9973015f-54ab-4337-8635-d7014e4e1bda,c2ee6a1d-9484-4e6e-ac7e-2830069094a6,1eeb3df0-0f50-4497-9937-2108b235a266,CORREDORES VIALES SA,TRISTAN SUAREZ,PICO,2,B
dad0423c-397b-4125-82aa-9bbbb0c0ddfc,c2ee6a1d-9484-4e6e-ac7e-2830069094a6,1eeb3df0-0f50-4497-9937-2108b235a266,CORREDORES VIALES SA,TRISTAN SUAREZ,NO_PICO,2,B
5becec08-d87c-438e-8231-ea9ecf1950bf,c2ee6a1d-9484-4e6e-ac7e-2830069094a6,1eeb3df0-0f50-4497-9937-2108b235a266,CORREDORES VIALES SA,TRISTAN SUAREZ,PICO,3,B
8045706d-547e-4eee-8d7a-ab41764dcc05,c2ee6a1d-9484-4e6e-ac7e-2830069094a6,1eeb3df0-0f50-4497-9937-2108b235a266,CORREDORES VIALES SA,TRISTAN SUAREZ,NO_PICO,3,B
f5b94901-4b31-48c9-83f7-96825781bc13,c2ee6a1d-9484-4e6e-ac7e-2830069094a6,1eeb3df0-0f50-4497-9937-2108b235a266,CORREDORES VIALES SA,TRISTAN SUAREZ,PICO,4,B
b3706812-db73-4b95-8a38-d8087948f1f6,c2ee6a1d-9484-4e6e-ac7e-2830069094a6,1eeb3df0-0f50-4497-9937-2108b235a266,CORREDORES VIALES SA,TRISTAN SUAREZ,NO_PICO,5,B
90792ff4-23c0-4cad-80c4-bdbf630bc67d,c2ee6a1d-9484-4e6e-ac7e-2830069094a6,1eeb3df0-0f50-4497-9937-2108b235a266,CORREDORES VIALES SA,TRISTAN SUAREZ,PICO,6,B
60032a01-baa4-4797-83be-ec06b4d75b6e,c2ee6a1d-9484-4e6e-ac7e-2830069094a6,1eeb3df0-0f50-4497-9937-2108b235a266,CORREDORES VIALES SA,TRISTAN SUAREZ,NO_PICO,6,B
9b6a6188-32a6-4c9a-829a-a5dd962b125e,c2ee6a1d-9484-4e6e-ac7e-2830069094a6,1eeb3df0-0f50-4497-9937-2108b235a266,CORREDORES VIALES SA,TRISTAN SUAREZ,PICO,7,B
4013fc65-7c29-4491-856b-1e62e3684667,c2ee6a1d-9484-4e6e-ac7e-2830069094a6,1eeb3df0-0f50-4497-9937-2108b235a266,CORREDORES VIALES SA,TRISTAN SUAREZ,NO_PICO,7,B
ff031320-2481-409a-8e30-3a4460e1c358,c2ee6a1d-9484-4e6e-ac7e-2830069094a6,9c0aafd6-1697-4ea7-83c4-ce7eb8f1ed15,CORREDORES VIALES SA,URIBELARREA - RUTA 205 KM. 83,NO_PICO,1,A
10dd4d54-34cd-4a03-8273-85d13b24c5fe,c2ee6a1d-9484-4e6e-ac7e-2830069094a6,9c0aafd6-1697-4ea7-83c4-ce7eb8f1ed15,CORREDORES VIALES SA,URIBELARREA - RUTA 205 KM. 83,NO_PICO,2,A
ddac2e4d-0daa-4e02-8fc7-2ef10e86d795,c2ee6a1d-9484-4e6e-ac7e-2830069094a6,9c0aafd6-1697-4ea7-83c4-ce7eb8f1ed15,CORREDORES VIALES SA,URIBELARREA - RUTA 205 KM. 83,NO_PICO,3,A
5323f63c-8a10-4c40-86a6-372e126dc618,c2ee6a1d-9484-4e6e-ac7e-2830069094a6,9c0aafd6-1697-4ea7-83c4-ce7eb8f1ed15,CORREDORES VIALES SA,URIBELARREA - RUTA 205 KM. 83,NO_PICO,4,A
20fc0172-82e9-4d65-8e4d-e1827a1c2219,c2ee6a1d-9484-4e6e-ac7e-2830069094a6,9c0aafd6-1697-4ea7-83c4-ce7eb8f1ed15,CORREDORES VIALES SA,URIBELARREA - RUTA 205 KM. 83,NO_PICO,5,A
616c5a7f-5055-492c-85f4-06526d8f5599,c2ee6a1d-9484-4e6e-ac7e-2830069094a6,769093ac-a432-4c2e-b17b-30a50e00a1f7,CORREDORES VIALES SA,V. TUERTO (RN8) - RUTA 8 KM 381,NO_PICO,1,A
7de3f4ba-de3d-412f-8db5-f07492a6ba09,c2ee6a1d-9484-4e6e-ac7e-2830069094a6,769093ac-a432-4c2e-b17b-30a50e00a1f7,CORREDORES VIALES SA,V. TUERTO (RN8) - RUTA 8 KM 381,NO_PICO,3,A
58748dda-1c03-4313-84f1-3244a350aa12,c2ee6a1d-9484-4e6e-ac7e-2830069094a6,769093ac-a432-4c2e-b17b-30a50e00a1f7,CORREDORES VIALES SA,V. TUERTO (RN8) - RUTA 8 KM 381,NO_PICO,4,A
bbc3726b-ca5d-4942-8cf3-5a8a2afc1019,c2ee6a1d-9484-4e6e-ac7e-2830069094a6,769093ac-a432-4c2e-b17b-30a50e00a1f7,CORREDORES VIALES SA,V. TUERTO (RN8) - RUTA 8 KM 381,NO_PICO,5,A
17fe0e40-586d-411c-8bca-8266b75d5d59,c2ee6a1d-9484-4e6e-ac7e-2830069094a6,90bc37bf-9737-4bf1-ae98-291c452b71ad,CORREDORES VIALES SA,VILLA ESPIL - RUTA 7 KM. 88,NO_PICO,1,A
15881502-7d2c-4626-899b-8160aea3348b,c2ee6a1d-9484-4e6e-ac7e-2830069094a6,90bc37bf-9737-4bf1-ae98-291c452b71ad,CORREDORES VIALES SA,VILLA ESPIL - RUTA 7 KM. 88,NO_PICO,2,A
debdb370-1ba4-49d7-8c0a-2d6865edc313,c2ee6a1d-9484-4e6e-ac7e-2830069094a6,90bc37bf-9737-4bf1-ae98-291c452b71ad,CORREDORES VIALES SA,VILLA ESPIL - RUTA 7 KM. 88,NO_PICO,3,A
33f3473e-5a63-4903-8efa-6ad119f220db,c2ee6a1d-9484-4e6e-ac7e-2830069094a6,90bc37bf-9737-4bf1-ae98-291c452b71ad,CORREDORES VIALES SA,VILLA ESPIL - RUTA 7 KM. 88,NO_PICO,4,A
c735329d-48ae-47c7-8cab-b9f8738ed9f8,c2ee6a1d-9484-4e6e-ac7e-2830069094a6,90bc37bf-9737-4bf1-ae98-291c452b71ad,CORREDORES VIALES SA,VILLA ESPIL - RUTA 7 KM. 88,NO_PICO,5,A
f10f73df-68bb-4585-8ab4-9bc7a7fce578,c2ee6a1d-9484-4e6e-ac7e-2830069094a6,e5cce2bb-fb8e-4712-bd38-9419a2abbfd9,CORREDORES VIALES SA,ZARATE - RUTA 9 KM. 95,NO_PICO,1,A
e1968556-6311-443f-8d16-1611dbb31db5,c2ee6a1d-9484-4e6e-ac7e-2830069094a6,e5cce2bb-fb8e-4712-bd38-9419a2abbfd9,CORREDORES VIALES SA,ZARATE - RUTA 9 KM. 95,NO_PICO,2,A
4de05c6b-5358-4980-8fd5-8bfc3e92e686,c2ee6a1d-9484-4e6e-ac7e-2830069094a6,e5cce2bb-fb8e-4712-bd38-9419a2abbfd9,CORREDORES VIALES SA,ZARATE - RUTA 9 KM. 95,NO_PICO,3,A
6cfca90c-8d00-4182-8fd3-4449ee9db72c,c2ee6a1d-9484-4e6e-ac7e-2830069094a6,e5cce2bb-fb8e-4712-bd38-9419a2abbfd9,CORREDORES VIALES SA,ZARATE - RUTA 9 KM. 95,NO_PICO,4,A
216def40-7e99-4866-8dff-f2d1e26f92d6,c2ee6a1d-9484-4e6e-ac7e-2830069094a6,e5cce2bb-fb8e-4712-bd38-9419a2abbfd9,CORREDORES VIALES SA,ZARATE - RUTA 9 KM. 95,NO_PICO,5,A
d15e27ed-44bc-40f0-8280-d6b174e1e380,ebc3d756-788f-4875-9c20-15c9c8d0dffc,1cd5afa4-9dfa-4170-92cc-d67050f10afa,RUTAS SUR ATLANTICO S.A.,"AGÜERO - AU.RICCHIERI KM 15,80",PICO,1,A
ac549ff3-7cc8-4187-8f36-070eb7ba0f71,ebc3d756-788f-4875-9c20-15c9c8d0dffc,1cd5afa4-9dfa-4170-92cc-d67050f10afa,RUTAS SUR ATLANTICO S.A.,"AGÜERO - AU.RICCHIERI KM 15,80",NO_PICO,1,A
4b0fa18b-00e0-4d0b-8e25-f3e38ac1b0fb,ebc3d756-788f-4875-9c20-15c9c8d0dffc,1cd5afa4-9dfa-4170-92cc-d67050f10afa,RUTAS SUR ATLANTICO S.A.,"AGÜERO - AU.RICCHIERI KM 15,80",PICO,2,A
b0e94bfd-b8cb-46bf-8648-85c33d72936e,ebc3d756-788f-4875-9c20-15c9c8d0dffc,1cd5afa4-9dfa-4170-92cc-d67050f10afa,RUTAS SUR ATLANTICO S.A.,"AGÜERO - AU.RICCHIERI KM 15,80",NO_PICO,2,A
579a5760-06e6-409d-8ca3-1411d6757566,ebc3d756-788f-4875-9c20-15c9c8d0dffc,1cd5afa4-9dfa-4170-92cc-d67050f10afa,RUTAS SUR ATLANTICO S.A.,"AGÜERO - AU.RICCHIERI KM 15,80",NO_PICO,3,A
8562009e-6544-4488-8503-93f00c4b51a8,ebc3d756-788f-4875-9c20-15c9c8d0dffc,1cd5afa4-9dfa-4170-92cc-d67050f10afa,RUTAS SUR ATLANTICO S.A.,"AGÜERO - AU.RICCHIERI KM 15,80",PICO,4,A
c6546526-db06-4fc3-87f1-e28cde2f83d7,ebc3d756-788f-4875-9c20-15c9c8d0dffc,1cd5afa4-9dfa-4170-92cc-d67050f10afa,RUTAS SUR ATLANTICO S.A.,"AGÜERO - AU.RICCHIERI KM 15,80",PICO,5,A
cc807590-c76b-46d4-872d-f7abb6baf769,ebc3d756-788f-4875-9c20-15c9c8d0dffc,1cd5afa4-9dfa-4170-92cc-d67050f10afa,RUTAS SUR ATLANTICO S.A.,"AGÜERO - AU.RICCHIERI KM 15,80",NO_PICO,5,A
44d20be3-7802-4a75-8b8e-647c1142413b,ebc3d756-788f-4875-9c20-15c9c8d0dffc,1cd5afa4-9dfa-4170-92cc-d67050f10afa,RUTAS SUR ATLANTICO S.A.,"AGÜERO - AU.RICCHIERI KM 15,80",PICO,6,A
55128725-1a86-4b0d-8b43-c2ee8b6a79db,ebc3d756-788f-4875-9c20-15c9c8d0dffc,1cd5afa4-9dfa-4170-92cc-d67050f10afa,RUTAS SUR ATLANTICO S.A.,"AGÜERO - AU.RICCHIERI KM 15,80",NO_PICO,6,A
fb1c3227-d194-4808-8aeb-3cc720a44e81,ebc3d756-788f-4875-9c20-15c9c8d0dffc,1cd5afa4-9dfa-4170-92cc-d67050f10afa,RUTAS SUR ATLANTICO S.A.,"AGÜERO - AU.RICCHIERI KM 15,80",PICO,7,A
7292cbc3-61ca-4788-887c-c790a8de30f7,ebc3d756-788f-4875-9c20-15c9c8d0dffc,1cd5afa4-9dfa-4170-92cc-d67050f10afa,RUTAS SUR ATLANTICO S.A.,"AGÜERO - AU.RICCHIERI KM 15,80",NO_PICO,7,A
b3ba3bd4-8540-41be-8810-df67efdbeb69,ebc3d756-788f-4875-9c20-15c9c8d0dffc,1cd5afa4-9dfa-4170-92cc-d67050f10afa,RUTAS SUR ATLANTICO S.A.,"AGÜERO - AU.RICCHIERI KM 15,80",PICO,8,A
be3aae40-d2fb-4837-801d-f6d11cbfd9e8,ebc3d756-788f-4875-9c20-15c9c8d0dffc,5d50e407-ddb3-4622-b339-66610eb2a3ab,RUTAS SUR ATLANTICO S.A.,"BOULOGNE SUR MER - AU. RICCHIERI KM 16,50 DESC.",NO_PICO,2,A
95f30e47-f4f1-459d-85cc-29a76a59d83b,ebc3d756-788f-4875-9c20-15c9c8d0dffc,7e41f9a3-f9f7-4921-8c24-d8b0598accd0,RUTAS SUR ATLANTICO S.A.,CAÑUELAS - RN 3 KM 76,NO_PICO,3,A
d16ba7c4-fa27-4d8f-8161-66cd88e0d5d9,ebc3d756-788f-4875-9c20-15c9c8d0dffc,7e41f9a3-f9f7-4921-8c24-d8b0598accd0,RUTAS SUR ATLANTICO S.A.,CAÑUELAS - RN 3 KM 76,NO_PICO,4,A
6b8cdf9d-24e8-49c8-8506-e0a49bbe31ca,ebc3d756-788f-4875-9c20-15c9c8d0dffc,7e41f9a3-f9f7-4921-8c24-d8b0598accd0,RUTAS SUR ATLANTICO S.A.,CAÑUELAS - RN 3 KM 76,NO_PICO,8,A
4df34f3a-047c-473e-887a-d6bdf4a2a3f6,ebc3d756-788f-4875-9c20-15c9c8d0dffc,d70cf863-a99e-44f5-8b47-cd5d8e3a521c,RUTAS SUR ATLANTICO S.A.,"DONOVAN - AU. RICCHIERI KM 17,07 ASC.",NO_PICO,2,A
3c664b7a-812e-450c-86e1-c6e4a2a56eae,ebc3d756-788f-4875-9c20-15c9c8d0dffc,19867f92-6fe4-4dd7-98ff-0f75299f5ecb,RUTAS SUR ATLANTICO S.A.,"EZEIZA - AU. EZE-CAÑ KM 32,40 ASC.",NO_PICO,6,A
ca7a5aaf-0b27-4fa6-80d6-3e14a449ccd4,ebc3d756-788f-4875-9c20-15c9c8d0dffc,19867f92-6fe4-4dd7-98ff-0f75299f5ecb,RUTAS SUR ATLANTICO S.A.,"EZEIZA - AU. EZE-CAÑ KM 32,40 ASC.",PICO,7,A
61260694-ae0e-4c80-8d28-db796efe2e8c,ebc3d756-788f-4875-9c20-15c9c8d0dffc,c74a1f16-de75-4fc8-9b08-3c9f5402a4bc,RUTAS SUR ATLANTICO S.A.,HINOJO - RN 226 KM 276,NO_PICO,5,A
fee9c86c-3796-4aa8-80cf-2f6be357584e,ebc3d756-788f-4875-9c20-15c9c8d0dffc,c74a1f16-de75-4fc8-9b08-3c9f5402a4bc,RUTAS SUR ATLANTICO S.A.,HINOJO - RN 226 KM 276,NO_PICO,6,A
058b60d1-4e77-4acc-80ff-e432ff798808,ebc3d756-788f-4875-9c20-15c9c8d0dffc,c74a1f16-de75-4fc8-9b08-3c9f5402a4bc,RUTAS SUR ATLANTICO S.A.,HINOJO - RN 226 KM 276,NO_PICO,7,A
7ef88be1-cad9-4ff7-87ce-2b6987d638f5,ebc3d756-788f-4875-9c20-15c9c8d0dffc,a7cd3fe2-15b4-48bc-90ee-da68bcb02a57,RUTAS SUR ATLANTICO S.A.,"MERCADO CENTRAL - AU. RICCHIERI KM 17,20 DESC.",NO_PICO,6,A
f5d771fb-5233-4b37-8f66-b38787e41b90,ebc3d756-788f-4875-9c20-15c9c8d0dffc,385853a5-b0e3-43aa-bc4f-f5cce61e02b8,RUTAS SUR ATLANTICO S.A.,"MONTE GRANDE - AU. EZE-CAÑ KM 32,70 DESC.",NO_PICO,2,A
5098bc38-0ebf-444c-8bda-aff1ec65bf3b,ebc3d756-788f-4875-9c20-15c9c8d0dffc,385853a5-b0e3-43aa-bc4f-f5cce61e02b8,RUTAS SUR ATLANTICO S.A.,"MONTE GRANDE - AU. EZE-CAÑ KM 32,70 DESC.",NO_PICO,5,A
2fb4d6e1-e7ee-41d5-8cc8-e3fdba503021,ebc3d756-788f-4875-9c20-15c9c8d0dffc,385853a5-b0e3-43aa-bc4f-f5cce61e02b8,RUTAS SUR ATLANTICO S.A.,"MONTE GRANDE - AU. EZE-CAÑ KM 32,70 DESC.",PICO,6,A
159db4c5-8db5-419f-82a9-d7fd6f8621a7,ebc3d756-788f-4875-9c20-15c9c8d0dffc,385853a5-b0e3-43aa-bc4f-f5cce61e02b8,RUTAS SUR ATLANTICO S.A.,"MONTE GRANDE - AU. EZE-CAÑ KM 32,70 DESC.",NO_PICO,6,A
fd560d85-00e1-4200-8861-d7dc0fdbb6a0,ebc3d756-788f-4875-9c20-15c9c8d0dffc,385853a5-b0e3-43aa-bc4f-f5cce61e02b8,RUTAS SUR ATLANTICO S.A.,"MONTE GRANDE - AU. EZE-CAÑ KM 32,70 DESC.",NO_PICO,7,A
70b396cf-e0da-4ecf-8b5b-409e2f3531c0,ebc3d756-788f-4875-9c20-15c9c8d0dffc,385853a5-b0e3-43aa-bc4f-f5cce61e02b8,RUTAS SUR ATLANTICO S.A.,"MONTE GRANDE - AU. EZE-CAÑ KM 32,70 DESC.",PICO,8,A
723968aa-4b12-447a-846b-566e98f4bfad,ebc3d756-788f-4875-9c20-15c9c8d0dffc,7d061318-e178-4458-b881-78bc044f0622,RUTAS SUR ATLANTICO S.A.,"TRISTAN SUAREZ - AU. EZE-CAÑ KM 37,25",NO_PICO,2,A
a5dbc138-5837-4bc2-8281-e3a76f8f2815,ebc3d756-788f-4875-9c20-15c9c8d0dffc,7d061318-e178-4458-b881-78bc044f0622,RUTAS SUR ATLANTICO S.A.,"TRISTAN SUAREZ - AU. EZE-CAÑ KM 37,25",PICO,3,A
fc3cc00c-319e-4f6a-8be5-0ded66563e0d,ebc3d756-788f-4875-9c20-15c9c8d0dffc,7d061318-e178-4458-b881-78bc044f0622,RUTAS SUR ATLANTICO S.A.,"TRISTAN SUAREZ - AU. EZE-CAÑ KM 37,25",PICO,5,A
d6d1fd05-0e58-42ee-8418-c371ceca57e4,ebc3d756-788f-4875-9c20-15c9c8d0dffc,7d061318-e178-4458-b881-78bc044f0622,RUTAS SUR ATLANTICO S.A.,"TRISTAN SUAREZ - AU. EZE-CAÑ KM 37,25",NO_PICO,5,A
b58548b0-4b28-46a3-8c16-8e28684524f0,ebc3d756-788f-4875-9c20-15c9c8d0dffc,7d061318-e178-4458-b881-78bc044f0622,RUTAS SUR ATLANTICO S.A.,"TRISTAN SUAREZ - AU. EZE-CAÑ KM 37,25",PICO,6,A
c3ce42ca-598a-4648-812f-0758809997d2,ebc3d756-788f-4875-9c20-15c9c8d0dffc,7d061318-e178-4458-b881-78bc044f0622,RUTAS SUR ATLANTICO S.A.,"TRISTAN SUAREZ - AU. EZE-CAÑ KM 37,25",NO_PICO,6,A
d02cdc68-1691-485f-819c-18619b15f0fe,ebc3d756-788f-4875-9c20-15c9c8d0dffc,7d061318-e178-4458-b881-78bc044f0622,RUTAS SUR ATLANTICO S.A.,"TRISTAN SUAREZ - AU. EZE-CAÑ KM 37,25",PICO,7,A
bca4f814-2d44-4b91-8144-4d4a10878768,ebc3d756-788f-4875-9c20-15c9c8d0dffc,7d061318-e178-4458-b881-78bc044f0622,RUTAS SUR ATLANTICO S.A.,"TRISTAN SUAREZ - AU. EZE-CAÑ KM 37,25",NO_PICO,7,A
c95940d0-1cde-4288-8622-e714e65ae382,ebc3d756-788f-4875-9c20-15c9c8d0dffc,55809992-f488-42ef-bd9b-01ab7d6e1ecf,RUTAS SUR ATLANTICO S.A.,URIBELARREA - RN 205 KM 83,NO_PICO,3,A
3b5f3e82-1d9c-4bf6-8462-3f47a1789da8,ebc3d756-788f-4875-9c20-15c9c8d0dffc,55809992-f488-42ef-bd9b-01ab7d6e1ecf,RUTAS SUR ATLANTICO S.A.,URIBELARREA - RN 205 KM 83,NO_PICO,7,A
df74eeab-e7d8-4f48-8ea3-e18def157344,ebc3d756-788f-4875-9c20-15c9c8d0dffc,55809992-f488-42ef-bd9b-01ab7d6e1ecf,RUTAS SUR ATLANTICO S.A.,URIBELARREA - RN 205 KM 83,NO_PICO,8,A
80407cef-fc16-4336-8e0b-00b43fdaf7d1,c4d1ffb5-7363-4291-84be-9da3665f002a,f57115a3-138f-486b-a2a0-731f88032e7f,UNIDAD EJECUTORA (SANTA FE),ACCESO SAUCE VIEJO,NO_PICO,5,B
1bed6b85-d054-4989-8049-f81aa43785a6,c4d1ffb5-7363-4291-84be-9da3665f002a,f57115a3-138f-486b-a2a0-731f88032e7f,UNIDAD EJECUTORA (SANTA FE),ACCESO SAUCE VIEJO,NO_PICO,6,B
c819befd-54a5-4bae-861a-439c204d30aa,c4d1ffb5-7363-4291-84be-9da3665f002a,14264684-28f7-40be-ab72-79e4dd0efcdf,UNIDAD EJECUTORA (SANTA FE),ALDAO,NO_PICO,1,B
290982e2-9202-4c0d-8db8-cc8a1a779643,c4d1ffb5-7363-4291-84be-9da3665f002a,14264684-28f7-40be-ab72-79e4dd0efcdf,UNIDAD EJECUTORA (SANTA FE),ALDAO,NO_PICO,5,B
f6e111cd-8c8e-4f78-8515-abfc41e353df,c4d1ffb5-7363-4291-84be-9da3665f002a,14264684-28f7-40be-ab72-79e4dd0efcdf,UNIDAD EJECUTORA (SANTA FE),ALDAO,NO_PICO,6,B
2b517a8c-7eef-4cab-8d1b-4850068fe295,c4d1ffb5-7363-4291-84be-9da3665f002a,0f37f626-ea62-464a-987d-e85de6bbd664,UNIDAD EJECUTORA (SANTA FE),SAN LORENZO NORTE,NO_PICO,5,B
4dd8d523-3fd5-4586-88d9-d3f51f5f8a1e,c4d1ffb5-7363-4291-84be-9da3665f002a,0f37f626-ea62-464a-987d-e85de6bbd664,UNIDAD EJECUTORA (SANTA FE),SAN LORENZO NORTE,NO_PICO,6,B
ae299f6f-a7f5-46cd-8406-53156ad29d7d,c4d1ffb5-7363-4291-84be-9da3665f002a,aa90f1c4-b2e3-43a1-addc-783ae862c18c,UNIDAD EJECUTORA (SANTA FE),SAN LORENZO SUR,NO_PICO,5,B
02037cf4-0d29-4ee5-8f27-95991111ac42,c4d1ffb5-7363-4291-84be-9da3665f002a,aa90f1c4-b2e3-43a1-addc-783ae862c18c,UNIDAD EJECUTORA (SANTA FE),SAN LORENZO SUR,NO_PICO,6,B
b4611a41-9d5e-4176-84c6-04d9e994d1c7,c4d1ffb5-7363-4291-84be-9da3665f002a,7718d26d-e724-415a-9e76-841683d3a774,UNIDAD EJECUTORA (SANTA FE),SANTO TOME,NO_PICO,5,B
6a2c5f50-cc68-4e66-8fa0-d65db2ef4a3c,c4d1ffb5-7363-4291-84be-9da3665f002a,7718d26d-e724-415a-9e76-841683d3a774,UNIDAD EJECUTORA (SANTA FE),SANTO TOME,NO_PICO,6,B
57dbb369-f6a7-4f83-8e56-da91b94a98a2,c4d1ffb5-7363-4291-84be-9da3665f002a,60014adb-62f4-4ad9-86a0-50bd36efd1e3,UNIDAD EJECUTORA (SANTA FE),TRONCAL SAUCE VIEJO,NO_PICO,1,B
4291a26a-ecd5-4a21-89d3-304cbc4a324a,c4d1ffb5-7363-4291-84be-9da3665f002a,60014adb-62f4-4ad9-86a0-50bd36efd1e3,UNIDAD EJECUTORA (SANTA FE),TRONCAL SAUCE VIEJO,NO_PICO,5,B
28752670-d0cd-4af3-89a8-767455c1e392,c4d1ffb5-7363-4291-84be-9da3665f002a,60014adb-62f4-4ad9-86a0-50bd36efd1e3,UNIDAD EJECUTORA (SANTA FE),TRONCAL SAUCE VIEJO,NO_PICO,6,B
