id,current_tarifa_id
28437846-7524-4de5-8ff5-ef5383eb0f16,ef486f10-4e31-4d52-a121-045343a3705f
f5e8c23e-14be-468d-82da-548bcd932f42,385355c5-26a1-4269-be3e-ee11f1d61bf6
134cc71f-1415-40ff-8647-a15a0ea2d002,964fe114-ceed-48a2-baaa-04cabfac08bd
87c2c035-07fb-4c20-8770-98af7e1990ae,79b6875f-11b3-4537-a833-2c46c454f09e
f4172d81-d74a-47c3-8b81-ca69b13af330,129db82a-fdc6-4ad7-be7f-5994eb4feadc
67c151af-2af3-4311-8ac4-cd9b48ca6094,851eb602-ffd4-4fb9-92c7-80c38dbd914d
d268dcf0-86f5-49b7-8861-6ea294e20c40,192fc139-50c5-44a3-84a1-405c96371ee5
b07884e3-eeec-4846-86e6-3fed7073f9ef,23105a8d-cb10-4f25-b031-6f145dc22f98
6449bbbd-308b-4264-85ba-aaaeefc2a0aa,e24d25f2-9161-4ee6-9350-b0cefd5e2d72
feb4ff56-0ad6-4e1c-80e4-fb017d63b400,9e5fbd81-a8b2-43e7-92d4-7d22c4934ba6
621f4d8b-48b4-487b-8834-448e027b0247,eebbf171-43ee-4e89-8b96-9bd5ccded03d
7f35f73d-3288-4c90-82e0-28aba43ca70c,944f4eda-9682-4410-a551-e8f715381c0c
2cf1f1e4-0679-460e-85e8-f3ae20ac86f3,edc167d2-5b33-41a3-82e8-dbb2d3490930
36e7a21d-59d0-4194-8a5b-541793e7a33d,724ade08-bfdb-424e-aedc-947c0f91fb65
805aaea1-ca69-437d-803c-406e6a4e354d,eaa2d2f3-1805-478d-b856-3280580e7d49
90e0cdf8-824c-4993-8052-43a626633f5e,332d02f6-8e61-4040-808a-c88132422958
c6225cf6-fb25-4fc2-868e-bfdbdd37f9da,3d22df80-d313-489c-9c7c-8b2aef3bb5dd
6b483839-1fd6-46c4-8bb9-79b5ea3bf0fd,b4c4ec97-5f62-463e-b44c-c95cfd92d9be
d65103d5-d6f2-4949-8ff0-8391c7edb694,61ea7e22-2874-4fb3-849a-9a915ea7a853
04569f52-5662-4a52-84bd-c8036c57491b,0baf8fcd-df05-40dc-baef-d1eae19937b4
083ff10d-4c60-4fcd-8b35-82778865c507,f2671dbb-439e-456a-b602-3d137cc243c7
81005bb0-cc80-46c7-81fa-95cdef075633,ffcd3fad-66d9-4cae-9b20-2bb1965b18b4
a31625c6-7e28-41a4-83aa-8792b3d0769f,2663ad47-7209-499e-a0ea-170e9e7e852e
70c15d15-3752-4774-836e-09cc1949ecad,c5000b06-639a-4e27-baee-42fcda0c682d
2b0cd95b-8f5d-4a05-8a7e-04952ec94219,5926c661-a9e5-4031-835a-1e601c900093
1d1b3565-d83e-4cd8-8fe7-cf4920ad2fcc,e830da16-3e05-48e4-af2b-6a0f210ee0c5
d149e099-6edd-4df1-8ce9-23ecd11e579f,92621d40-8a4a-46b6-bfce-2c831b58d12c
a9c2eda3-78c7-4f51-84fc-c335464885ff,a2501df5-72ee-4092-bbad-9f7aaef7b67c
8122a4df-4223-4fe5-8776-127d2fdcd9b3,1b4f7fc3-2fcd-41ad-b323-98fd4ad59821
9c4bf6d2-1d53-4e61-881e-24dbb0b336a4,c5c81a6c-f390-4d97-92fc-22fe6f71d78d
99825b96-90f3-4a7b-8210-af08b71b0d6b,7d34227d-8257-49de-b577-e1239d5cb047
453bcee9-b134-40e8-8db8-fbd07bc17bef,98583000-0844-430d-9ea7-f17256463527
eb6530a5-eebe-4f70-884d-e745d5874cfb,46db4e0c-5afc-4122-9a6f-1a21b173a923
75ad2d6b-4148-4813-8a81-ec9e06f19bd6,1fc75633-7718-4228-9d59-d0501ec3e372
d988779c-cd2a-4fa8-8e48-82524393eecb,d1aabb4c-70fd-45c1-868a-7a3f9aeddba4
aab2514a-995d-414c-8ae8-0fa72c2c2965,ee08c80d-8c57-40a7-a206-dfe2496897e3
10733806-17ff-4224-8283-b4782f542d6d,9fa1185c-f747-4081-90e3-5559b8285c15
dd95a4f4-bf86-4222-8a7d-cc955fe4e6b7,dadb9fac-ee65-40c9-9a9e-62a7fddd0c57
258fc5fd-6efa-4715-8665-7df6eb1e48b2,e65735eb-21c0-45cb-94d2-eeff7574ea5f
2fe847a7-16b5-4d9e-8d62-45be56e6a6fc,1007db22-1ef9-4145-b2d2-67e7daeb545d
74ff84d3-8f37-4fef-888f-ec7e5ada78d8,3e14b417-9755-4969-9dc3-ad7f06fa7329
e829722d-5af3-4667-8526-6b38045a2a40,c93344d4-1fc2-47d2-9d8f-557d6e027e16
b479ee3d-7816-4dd5-86cd-cf46382013dc,4bc9196c-44fb-4dd5-8b2f-8f936f16a735
aeef01ba-08d7-4e0b-8173-bb7d837af30e,ef91c61b-36af-4fb1-bcf7-a99a778f6528
1fe9c29d-25be-4c97-8419-e0fb50af68ac,7d515fb6-520d-45e2-b0b5-39c2bb6e5e8c
ac8d9068-ebe7-4efb-8b7d-bb62b7c8933f,77776e94-1573-491a-8809-3a9fdb6eff93
d2a3dc53-266a-4407-8fc3-5d51ce163f88,88939960-43eb-4c50-be7c-9b76601ddc4d
ea2df027-ea87-491d-8c2f-81621fc17280,51982ba0-118e-43c0-b32e-6bf9deccab0f
478ca043-17d6-481b-87a4-b94efbd55c1c,934aa148-0c61-430b-a026-b74d56b7f20a
7457deea-83ca-4972-8eae-eec2b9dfe636,648656ef-d1b1-4c91-9955-90d2b2f5cf06
61cec489-ecb6-4c66-8ac3-0acb672e5709,c793a66b-b1b8-4ab1-855b-d7b8d4e151cf
0ae346f6-140b-47d6-8ef8-ecd9771eef0c,6b1ad88e-3aea-4d2c-a62d-b5b2cfe76efe
c6c0d001-3ea3-4318-828e-778270057eb6,b4f791c9-58d5-4ede-b3c7-c7c2c061ab03
6c7aa76e-c2db-4911-8408-4d71db9758b3,7fd5a87e-c2e1-4732-84a0-9a90a0415266
0254b2b1-d5f5-4fc6-80a1-2e8f4b7e3d23,7040236f-17c8-40db-9d06-bbe743fedae7
1ef67d78-4c96-46f7-87c1-c39dddf498d2,85fd1b37-f7a3-4f07-b8b5-e30a5ba20937
dfd1fb11-ef88-4cee-8208-1f107361e443,ba6d91bc-55c8-467e-9749-dfe093576959
a3c6e8db-53ce-4783-82a8-4e3b60f06852,a956bbb2-b3e8-48cb-806f-6cdca2b9caa9
34bee852-72cd-41b0-867b-975b8c4a3ba8,42bedb5f-bb80-4b25-a907-de5e56e1e91a
2b26ce38-8809-48c1-897c-df26d1b0b7fe,fedc1901-7e66-47a7-99a0-c3f963dfc5c4
1b90afb5-83aa-420e-8a93-7bb2f94d554d,9141112a-4f82-4e92-b348-9c597f2edde1
9b64797c-57df-49ad-8f16-d397760c9188,6519b2c6-314a-4822-9b94-1350b44eb724
173fb795-0625-4ead-825a-0ecf427fce83,58b91ab5-a68a-4876-8d09-8bbcfd7a287a
99f85bd1-6da6-430e-8ad8-7258257a6a87,0639bc36-a685-44de-8166-19a5f7f4b23b
d14de0fb-20f8-4cc8-87dc-84a2a1784b57,cc70cd73-b09d-4c5c-8f17-9d33c04208f9
e2261f49-1cce-46df-8aa9-f4469f3f3c2d,8d95358f-d197-446c-9b1f-a1cf43e20b7a
78b83c9f-1966-43b0-8dc7-60cd00134011,419cba53-a494-4c4b-a0be-e5e6d3758986
2fb8ff02-fb79-45d1-8044-f926e42653e5,3067084c-a910-4d62-8492-f17138b5f586
a5ceb9ca-7a15-47c0-85d8-85fd9adaf93c,a149932e-552a-4d03-984b-c7a1781425db
08be883c-8956-4ce5-8d0e-e4bbd77a1983,29489376-6520-4298-9292-b388d8764be0
e327510c-52cc-4ac3-805d-225374493c54,71ff9c4d-233a-4310-a0e7-72bff4297814
34c004d9-24fe-47f2-86c9-e4f9444f212f,cf5fbb16-94f0-4d9a-b4e7-f4720ca2cc7b
52d7cf98-737d-4b46-8320-6a88ba9f478b,fb9a3dab-ff93-48bf-bf69-1afd7f4f7071
9f0e4786-37fe-4ea9-80a1-ad20438ed0f4,a53e20f2-6c4b-4c4a-afdb-1db0c64cc551
90724f8a-9439-4d36-8715-5499bd622d71,154fc6b8-c3e4-4bd4-aa2f-d9709e17d90f
5770c936-a941-490d-85e8-80fda878101f,cb8f9a27-bbd8-4741-befb-92b8924d66fb
e27649d4-dc13-4359-8cae-a45ef21e02df,282f01a2-560b-4882-809b-21ab11332e7d
6ccfd96e-dcac-4a33-8594-047b9a50a545,c907bd7f-c784-498f-821d-bb97d9e9c8a6
ee03f98f-6366-475a-8753-ced47a75c650,97d339fb-5b5f-4d6f-989d-77dce71f20ba
5f5e80c7-f121-4ae6-86da-e6cd3de2b630,08664f88-5f69-4625-b85f-02d3d50f3973
224b5822-995f-4a04-82da-57db957a90eb,e8290dbc-bb9c-46ce-8eeb-c58e0d80853a
9a00f941-c861-4ecc-897e-6a3357606bf2,95a3889f-9f51-42c9-bb81-712ff19ff5de
f3d07caf-e8b6-41a0-89e1-3ce3ac27f076,087107bf-42a6-40f2-9c21-b5924a96791b
67d28964-78f9-4afa-827f-9164032f330f,2cdafca9-2ecc-4964-85b8-7d5b6bddfa1e
666ebbff-ac93-4995-8f7a-9e72e4477d90,2650b0f0-7c2c-4321-956e-dc2cb7571057
f354d2ac-2cf8-4cdd-88ef-299d1028f398,6cf2b044-9b72-46d7-9a0e-f1a31850aabc
af811601-5033-4cf4-80e6-5f6f968a1db3,f481c457-cef3-4148-88db-c015015e6e45
04498cbd-3afd-4887-8eb0-85a4b9ac0d22,6963151a-0007-4b97-a1a6-46a5cf8c72ca
d9f91cfc-8d75-4c25-8a4e-e05852abe9a6,0be60956-62ab-4c3d-8c9d-e33e558f01a6
c3023819-9601-448d-8513-0c8b0a76ccad,7a7a7aee-da6e-41d4-9634-5e0510551d7c
e6f32e2e-59d1-4540-840f-6d2bc25feb0a,e9e8b6a0-ee1f-424b-8f67-cd6afc5a2f9a
12aebdbc-838e-4b49-824e-0afee665b2a2,1e3b3254-ab5b-4b09-a13d-7e894de8225c
2ae859fd-7125-4b7c-8567-179ee6ef43e0,8451d28c-ccd9-4a40-8aac-d02235481306
ee83e3ff-2131-4520-8640-7799898c57a1,7f1391c4-a896-44fa-a885-7323869b141b
2e51f266-068f-43da-8e01-0f8fa9762eab,b9e920c3-2c8b-4179-b740-a4d61c5b4bec
484191c2-f0a4-4d18-898e-59bcfc361773,e38dc447-0cdc-4db8-bfb4-732d9254b3b9
fd041753-96cf-47e5-813a-1632893fafef,d8fc1a51-f1eb-4b6e-9d65-0c1ea6b18156
72eb9212-9790-4820-85de-2d9a8b402fc6,ad9f2795-8dcd-49b8-a6e8-bec243f7751b
54437c2a-d05d-410e-8af0-4827bd9dd88f,a8de09c6-152b-4d53-bb41-21a857bbdc65
0d98c8ac-1a04-4bce-8074-c8ea486b53ce,e9664bf7-90a4-4715-811b-2de322014088
22fdb3a7-f35c-4600-8f30-c9ac7ccc1f30,5c66fed3-a207-42d2-bde9-1a570fd6cfe8
3d2590b8-357a-4120-84a4-28363b7f674c,783d9898-243c-4811-be4d-6bfd43ecc4d6
000124bd-60ba-428d-8abf-e5d220d2ea95,2305b429-cd10-49e8-a499-94a8c16992eb
a2390279-0cd2-4b23-81f6-3e11dd17a41e,9a5efe8f-280d-4e5c-81a3-dab6f78ae815
b43c8c8d-d28e-49ef-8140-c1c6df95dac4,f3614660-3076-4a1c-8614-858078624e6f
0eb36600-5ba0-435f-8eb9-7f4b427e6a71,fb959978-31bc-4448-8b95-eaae9b21f5d3
f9618b6e-4304-4d35-8c29-f1acb472b6db,665a9fd7-468e-4e08-ae64-8a5301b9bc74
d8c50169-0bfc-4f5e-814a-bd21d33f5e0d,df9f2083-4fc8-44ab-acc2-999e402d2d9c
6bdf298a-a059-4af7-8fa3-3e5c979353ca,f9dd6d72-bcd0-4c61-8971-7533231d1def
f4990c85-b4b5-4d3e-8a7d-bed0904b77cd,2aab5f63-77d5-41f8-8438-25f09c9053ee
9b9efb75-d97f-4d9f-800e-e4e289a7344c,fb0654b2-cee0-4f5f-b2b6-09c396071d86
1ed3840f-b3ec-4292-8acc-3781beb668fd,b13b88f6-1a21-48e6-9174-50f00322f547
8e73fae3-e506-4752-8f22-fc626005fd86,aba974cb-56b5-4393-b7f7-81510d042fa0
55fed0d0-8f26-4b2f-8a24-245eac1e8821,7e6497dc-a97f-4d4f-bbb4-f7a2d461c087
2b678e4c-98f0-406f-834e-3aa1bcf41be1,e0d176e3-9afa-4402-b8a5-8cdd806ab00c
dbc69076-932b-48be-826a-f1edb39ae313,b23d9a51-6d6f-4bb5-b8a4-66a7f5ee0b96
38e92514-2139-4f81-8be7-116d318a6f76,13537ce3-bd64-4d52-bead-00d803ee9596
6d29fd3c-6cc3-47d1-8a3d-3e0ac5972de4,0c2db1e9-6d36-4c71-83c2-3faad506e48e
09bf5a82-6644-49a4-87cb-30ba8b764f57,b1682172-4a06-4cc5-b003-e2931cd4927c
9ecb9dc0-0ccb-4567-875d-99f736e1315a,39780504-aecb-4f47-8801-f5a7fbd58780
87ea9909-7488-4644-8c23-02041e5ad6a2,194c8ad6-7465-4165-969c-d96631fb0f69
f73949a4-87bc-4d56-8338-a93c1f82bee3,a08d1daa-6eb2-440f-8e45-8e240096717a
ea157c64-5ba0-4064-877d-66acefc6c319,7b2cee4b-24b2-4ec4-9d55-4cf4fb6c5aa9
49112538-4198-4fbe-8dff-6090172ad00c,15ff62c1-293f-4024-a887-a975a210edc9
183164f0-a492-47cb-8b3b-9fd677c79c02,381f8bfd-d6fb-47a8-90d2-828d9f3b49e4
353c01ae-312e-4d36-8603-29d5f48b81e3,53d0a91c-ae3e-46f1-b167-930e9ee7296c
f4b349aa-fa13-49e9-80d5-f9ec7d5084c1,2ea919a2-8a34-488c-9479-7473841a463d
28ca0e32-1494-4ed5-8e73-208c6b227660,b05dee94-13a7-402e-a32d-754e857409fe
04a705bf-cebd-41c0-887a-ae3fed86a0e1,cba41b0d-911e-47cc-bce8-b80aa1742c52
edf4b40f-070e-4776-883e-a34289aac3ee,909d784c-47e6-4fe2-91ae-2973f9ba2de3
ce1e8159-9b3a-4d81-892c-9e09e85f9f60,689280c8-b4de-4bd8-8523-0ff6a1844619
3c5ed012-3c01-4599-8dbc-0d6c4273632f,d2eaf155-3f4d-4236-ab10-4c91e0ee21cc
29319c95-4954-4a7e-8ddb-f6b49cc2aac0,de6279af-889d-4f6c-a473-3e6136e525b0
facc96ab-439b-4891-8bdc-0d9e64a343f6,2f80ab0a-b5a2-4650-bba2-2788d5222efa
b6258e3a-075f-41ba-8675-8e8b4d9b96e0,b516d337-9c3c-409a-93cd-a471469b8f7f
5f19fc18-325c-465c-8bc1-147785e480c4,b924061c-7bc8-4939-85c0-d2575a9f84c7
71a1d234-e631-47d3-86ee-3145b77edcfb,807ff968-bd24-48ab-b138-6a256c894b60
a6474c22-d1a3-446e-84f3-08d74da09640,563aebe6-004b-437b-95c2-564e786d8261
862ea305-edf4-48b4-8a3c-0c2096339240,5ae2f84f-d845-474c-a0eb-2235e0bcdf33
67b609ac-6c04-4035-8688-41f44a74a129,151193c6-7f88-4f02-b689-a55de801b8fb
3044b3d9-1646-4395-8720-f0fe0b7f8c05,14003443-0cb5-4069-bc04-94c44aa1c373
50ffad9d-a9fa-4ff9-872a-8aa7be0cc81f,b19fe914-6fad-4fc2-a7e7-04ce447f8e7e
ec602229-ec9f-4e74-8db2-7640f9c5d153,10bce807-210f-47ca-a68f-efb442daea15
9954a4d7-6bdc-4065-8b0f-c7d154cc4d35,6c10aa61-1b9a-4784-bf81-7644c664e4cc
ba0e505e-f52c-436b-86d3-65d7ee0cef96,cd2df0f2-f6ca-4ad4-9e90-98a2a0e6e759
3950ffe4-c864-4630-8949-abc3e26b1714,2f3c3d2d-5907-4043-8a09-9b26b63ccfc6
c5fa03df-0b16-4bed-8de9-c39feba755af,43e44abf-3ab4-498f-a715-642601863fc2
dddd281e-cfab-48af-8eec-d0a2b61f18b0,ec9355bc-8e7d-4732-a384-4840d650738e
479758f5-4339-468c-82a8-5b4b62132b2c,5d3074f3-2829-470c-b4ce-46c3da12f09c
b2997921-0a79-4d07-8616-284c2d3b5c23,a32a7838-1128-409f-9e6f-d788f62b2250
69876855-972c-4a07-830e-2973ac7a0000,ee707446-c688-416a-8a38-bd3dcc9d8078
b006008b-5da3-4e41-8cb0-8d34cd0288e3,89a5b257-fcc4-4107-bdb6-9e36d61e98bc
247babf6-8767-42ff-89a0-d2978f031f25,c1f3ed61-b48b-4174-8bb2-30aad3cd3c8c
e1f1992b-af93-4189-8303-d20af455ac67,62315d95-b346-4865-8c0a-1c2014a00af8
2df384cd-ff17-472a-8941-f3ad288b3b90,c8c24d56-eab0-4cf4-9b1a-10b3f837c70f
f6b3433b-4242-47da-80fe-df235e22bccd,76429767-1053-4e87-8d9c-14df6f7d7da7
0fcf13eb-ed8b-4ee8-83aa-a1eb73b7a662,b685b4f3-9be0-47b4-937f-5b91073a0266
87b9a977-a6c1-4070-8af4-a2ceed4db693,55c64e95-4755-4b8f-8b32-d3783a98f74f
dcd48d13-249a-4444-84cf-e4e0576f317c,3ced515f-1806-443f-885a-2b486cb8b585
c0ae52ff-8415-433d-8243-e1f81ffcf35d,1489d28e-ff4d-4dd3-ba51-f93def9b137d
b89b29d2-ddab-40b2-8432-baff43444659,8fa5365b-8b94-4019-9788-2649dfb857e9
70545bc1-3ddc-4ecf-8abd-37ecc8f2fb70,fdf1ac63-3d5f-4ed3-ab87-d32c2cb94200
a0ad6176-c227-486d-8fe1-94ec43039ac7,7b4bc762-1093-4c9e-aba8-fb8597462faf
163808bc-2f33-49d6-8e67-1bfb4c38efa3,eabc9d95-3927-4781-85c8-61ec4a969ad2
ed0e4070-4b82-46b1-8f68-d4b4f07c3d90,e4508b71-7fe7-4bc3-a234-8cfc617bd554
34c510b5-dfcf-40a3-8726-af1ef7c52b0c,37515379-75dd-4cf6-b30f-b4a0030af295
ee5e9bf7-22cc-4c77-8faf-4cbf08edc272,c3c71fa8-7794-488f-9cf0-96620ad6747a
cf3ce4df-4324-4cb5-8877-8004bcf015e5,7afb4c9e-4108-4cbd-acdc-d4696851191f
b2a00bf0-af1a-498f-8b77-d5345666baab,b2ba41a4-b66c-4911-95c7-949f7bbec4eb
48ca0582-72ee-4146-8985-3635c07bb8af,8fd465a0-8f87-4890-8c53-063a12acbc44
be6a7db6-12e7-4723-8f4c-bb7950a28e85,abb4f86b-d8ec-40d3-bc81-bf3610c96ee1
658bf7fa-4e37-41c0-8a2b-fabd4c290260,cefb5c35-38e3-4e2c-a9ed-c9385fbe0a57
43065e1c-021a-4785-8f3e-32d33d2cf7d8,94fdc305-4b8c-47a9-8fa2-1715bcceea02
916e788f-fffa-4d3a-83b9-5492f9c8683b,ed375785-1a85-4209-9493-b8671e8b308b
0fb6f612-c6b8-437f-8836-49d15f321912,8e388c96-4f3d-4746-8847-6307b17a1920
cef3b60c-6643-4144-86f6-91572062367c,437f5a43-d7ea-491b-b7e6-cb3844147785
bfd6f7c4-2acf-4a9b-8718-dc8ea57562f7,814abc10-4d2d-417e-84cc-5ed5029c98d0
1edba25c-d931-487d-8c7b-f1cd07c2ce2f,472f323e-1c4a-4fd7-af0a-7bed9b804fb2
cc4bc448-9fa2-4000-83a3-9d55a0f85257,88444766-197b-464d-a733-977fa4e2beb8
ab752084-7f34-47a9-8401-d9893bc9cbe6,7854b5e3-8cdc-4792-a1e4-b0c6f536a3be
826037ac-db7a-4d93-802a-ee1089323838,a7bb571a-92fc-4a30-b82f-5810c134c1d1
2e43931e-ecfe-4994-8d20-26aad9c06da4,29376fa0-d2b3-4d10-acfe-027b57592e4a
15e9e045-e449-4cfc-8ff5-ac15ae4049d3,da355da9-722f-43b9-ae65-3a12ff954f79
0a14f7af-714e-49b0-84d0-ca0fcdac74b9,c379fe80-aee3-46b3-ae90-61a59f7f04dd
60247fae-1301-41f8-85ba-0e01bcca9383,a83d8f83-df4e-457a-b54e-13b75ffaeaea
288ff43c-ef48-4ff0-8b81-bd10ca8275c5,6880adc0-8b37-481b-a566-8472be2096a8
5929679d-01ea-45b9-8a2e-46d877e9700f,6bc098df-0525-47ff-9e72-191a0817de2e
eee3eb1a-0d42-4834-8a4e-99989b0df5fc,716afb3f-132c-41fa-89dd-1e10ec218e3b
05076b1f-2c2a-4d7a-8031-7fdfb587466a,01e38b01-62a9-4125-a358-1fe1415f8b90
7e56e62a-0718-4cc3-8f81-b37a682e228e,a4c2445d-f9b5-4db9-b438-3705cde574d1
66581dc8-5dfa-42f8-883b-98370d8fd935,4cd927a3-79c6-4a2a-8b73-825edae73d2b
33d316df-bcc0-495c-8305-b4148f3e63cb,5208e1ab-9988-411d-a4e0-537d6148ce4e
b8ec6fda-bb12-4dd0-8769-c623acfa2a0c,68bd654c-126f-4ff6-b354-5346782321fc
e53f3da7-db38-45f0-8679-9ebeb19159ae,221e5f4f-e7b8-4e65-84d6-18e570255e79
2ed8392c-0467-4aea-8d82-b9ea8c0ba425,cd43a4af-1fc6-43a7-9780-2caa943b11b6
b9dce414-426c-430f-8454-3253545a8243,9c497458-da5d-48d2-a2af-f544a1b029c8
edcb2377-1731-4b03-8325-d977609f6260,7f587078-ff09-4f05-8d23-6aeff887dc65
2c19de04-9579-4272-84f4-29e013ab1cc5,c854bb01-374f-4a98-83bf-474384bd12a2
7b683fd9-60f1-42db-88d4-4186ae75960f,275d9de6-e493-4a08-9f00-94b15f5cc51f
fcbdde72-2611-403e-8a43-8db4bf464177,b741ac7c-4306-4e01-8455-c1b22d523675
40164049-0bda-4dfb-844a-62063f1947aa,d1bda82c-c379-4d75-a3d5-13a70b4ada62
51bf39d5-66e5-4c69-8c4e-9c9cd93616bb,fe917d4b-ff97-4cf2-a957-aa6f66e4665d
c303e1ee-9ada-4a2b-8823-38d01f3d8916,efb71810-aeef-4876-b013-1535869dda1a
b523375c-52d3-4878-8fd1-80418d164e50,0f5eae14-3fff-4e7e-ac1c-e9831e00abf5
38f9c081-535a-4078-8854-df25d6f242f9,447af674-b648-4e3b-8396-633e9f5536bd
b5cd2205-8617-47dd-8747-ea6f2cb325fb,29624fdf-983b-4ccc-8933-f5b1c4883a15
70e24954-b625-463a-8a96-01d9f14849e8,06d1fb27-414d-492d-a37c-814f51148bd2
f6972b14-dedf-41e7-84e8-b9aac9f611f5,cab5cc89-6e59-4c69-a154-fda1cc990ed3
6a6d7603-4a26-46e0-89b7-5cc9eae88e76,a11472a7-23ee-4897-844d-e62b9e2930ec
685bc4ee-1c96-4bdd-8c2a-a4bdb8fce0e1,ad2fe792-48bd-41f3-a152-fe66b383bb2b
870b6aad-5920-4b5c-8d75-44f27e9244df,a4ef3d4b-20e9-4087-9967-628a0d1a08bc
a5b4876f-70f8-4c07-8803-4621f6300aae,27431a04-a662-4b04-8b4c-6a009051978d
3339c7e8-9952-410c-8d26-4fb4a2eede5c,bdc805a3-8968-415f-b09a-8b2a73d4963d
963b700a-640a-4fe0-83d3-0a531946bfa8,7e7f2f2c-f829-4e6f-b11c-8284d7d312a4
722fb880-c029-4f8b-8d50-001c81d1c4dc,b5313fd0-8008-47cc-8bc2-b71b3aa0bfb5
dd1a8003-7e1d-4439-8103-a42e30e6bea8,1bd6d115-71b8-400a-b0a9-d00931dfa827
2448c069-4adc-4cca-8e80-227248822805,f944bb7f-49b7-4603-83d0-06d5f67f3b2d
3fd54f5b-34e5-42e2-8ec5-e6d29727bdd2,0471c702-2640-4d3c-b309-5092aedf558b
ffdbf581-4044-469c-801a-a720b204a708,70e9a3db-0a7d-4e29-bd4d-106494c07ed5
66e60bf6-da74-4599-89ad-8854d1705f32,9f680c5d-de21-45ae-b69c-738627582e6d
a188beac-7180-483e-8c45-089699daff47,ff7f165a-5e13-4b59-a6e4-bdfcfe2b38d1
53bb9da7-9d14-4a09-80ca-2169d6e46f7d,7c3418b3-719e-4f93-92ff-61b485bcd83e
61d85384-3250-4c83-898f-1615d837eb20,23c637bf-7a13-4643-8809-6103506ff4ff
5786879f-ef26-4c8f-83ea-8ebbea848122,0f6eb59e-23b6-43b2-827f-226c7b9a083d
9c43f5a7-f39c-4b8e-8121-a20d1b6b6c65,4c4c5c64-1bdf-400f-b584-a1e86fdbb222
c4090dc7-0f9f-4b8f-8a87-65be4204a496,1e38ead2-ddec-4e0f-804c-b30a8d9e952d
a2ff3ae4-404e-4b73-8473-80d5d7c5ef34,532be75a-e6e4-4a4f-8de3-c37289ba8405
c9381ef2-6781-45a8-890a-e67d3e06f308,02e4cde5-0e9e-42c3-b65b-f7d74fb7b56b
d9fb1a32-24fb-425a-8d95-5c6497b15791,bc91f459-d397-4460-b777-ac71dc9b0a24
9bd32ff9-66ce-4119-8990-7a64e9ea1692,00e6d11e-8faf-4b02-b256-b2b147a1c2e2
68574413-a3b4-4659-819a-a11e08c9e9cf,c90b1bfe-dedf-4641-8576-4284c3ae133a
6ed36fa3-4c50-4fcf-8ed9-4fbc45d4368d,ded01eaa-8771-44bd-9d0b-7f6820fb70e4
6927e74e-3567-4adb-8151-a6579d6e598b,65af01b6-4135-4ecd-9c23-74c601e30b23
a4f556f0-90c8-461c-84e0-b2c353b0b44a,fec6e5c2-5da7-40ce-8185-98f3b92b97ab
8a957d70-c5f9-46c7-8d94-7625e2d9c269,4d5366db-46c2-4a42-b70c-bf60ccbe9f9d
338a975b-b91b-486a-882a-a91f7bcd0ea1,de8605ea-da05-4aff-99b6-8d71b513d9f9
76b4d09d-caef-46ca-8649-08ffefb8a33c,1e242257-38a0-4f58-be35-a30e989a463e
2a2e438e-8570-4c47-84d9-6b426791f02e,e8b72e2f-b3c2-40ff-b5e6-83c743788e34
f2050f62-34ef-4bab-8ef7-8c20525a6e64,a678962b-c7c3-4454-b9a7-624557e11285
7a2ca0b5-9629-419e-8713-8191060ab6e6,67c9aaee-9936-4494-985b-ed3219603143
f7a20930-54bf-47fb-81f8-21ce403ed5bb,8223c3e5-1e74-4fc7-9981-5dbe359487bb
d4591bfa-42ff-4edc-8eb3-e94ffaee9191,729e4183-3767-4f1e-a503-c236f7dc0668
44c237f1-b9e5-428d-8fc6-802f9998a635,fa99b640-1c66-409a-9257-093bbe2292d8
8d467fa4-c8f5-4c86-8d71-4fc427daabfa,f9645ee2-903c-4313-8ec8-dc320a136af2
72a49fcb-9b8e-4d70-82d3-de9ede15ef26,3ff837fd-ca79-40ba-a74d-b06646631fae
cb3431a7-9f0c-4aef-825d-e8559b54d206,ded47f31-9f85-4d67-859d-1addf0589005
2ccd274e-a02d-4944-8776-43ac11371d04,afa1eedd-6d5b-4e1b-b734-9db0886231a8
561963c6-c177-46dc-89dc-bd6594cc23d4,3808d02d-038a-4016-b9c2-a1a37d90992c
f8d10e13-cb57-47e8-8c9e-1afb2fa2101c,e1b32c21-6550-405b-9cfd-a8764b9f78c1
f07d617b-94e3-4487-8855-413cd61031ab,87c94a93-999a-4095-ba63-053057ebc58f
0b3d4d6d-e339-4b5f-88fb-5b6c09a8c478,ee450160-3c93-476c-9acb-2b451d8c7abc
7f74ef35-4015-40be-82ea-2323bb3aac98,df685b9b-cb34-4a9c-8957-57490c35c8a0
cdaa7cd6-0dd4-4590-8193-2abdeffb0ce8,6ec43beb-7324-4f8d-896d-6efe272930de
3bc5573b-875b-4bf0-8556-2a21f411d52f,7714d486-18bf-48cc-a8a5-ec86ae34cdd8
684a556f-4677-4c77-8e41-8c7326b4a3aa,3871aa14-b770-426c-8795-385e371f8c2f
7336bbf0-1968-4221-896e-16f705a88540,f412aa43-5f43-4648-9cad-7b1a321f5e91
26b7ea01-7421-4c47-8107-ef44891df65d,9808734e-fd98-467c-85f3-1fc6b6906962
116861d1-b7c3-4001-8658-d0b9228c88ee,3e3f49bd-b9fd-4259-896b-0e65ca727766
600ed894-0ded-43e2-8444-8563a123b182,624f86a0-168e-4120-9a81-06d8069d95aa
009c5ff0-9d44-4907-8bcb-79c66c6a088e,3f13400f-bca7-4fbd-95e7-c82de5c4d28b
5881dec2-d5f6-44ea-881d-824ba993abab,33e6aceb-4329-40ac-a8f4-7b5d9968eefd
b2381998-c2e5-4643-81f7-dac37cb52f37,fcf218d4-4780-48cf-9627-f5e9a337328b
5f9dfe45-4892-4047-83f0-8b03bb26b392,84c7bf56-b90c-486d-90ac-1ba09dec9a8d
a51d31c2-776f-4fb9-892a-0884102a7875,0cf7864f-aa6e-4aa3-9f63-16d90d4cceab
f6f96a9b-25fc-4594-882a-bf89cf03d16f,5179fbb0-afc8-4b22-b54b-c03d1aaddb8a
08069a73-c49e-43c2-8ae7-23c7f2049de0,ddb7763c-8f8a-47b0-8d61-ce11b4c55cba
91e873ea-73dc-4e1d-81dd-a9d96019ba4b,80ef14fb-ee1a-4712-a4a6-458b2aed5b7c
43758c46-ddc5-4456-81a0-f3565413db40,dbaeb319-a4ae-4479-bd34-80caf9109920
a7609548-00b2-48c0-8c62-543e314beb64,a201c36a-6481-406b-a618-6945f82aa3b0
293e627c-8cc7-476d-8b4e-7af96db60f95,54cf1d7a-e8b5-4733-9af3-131634b18516
b605c0c9-adf4-452a-8c1f-9f9b7d847c5a,c26b93f0-f6fb-4271-b310-153d28bc32b1
785bf8ed-5d1f-4ee0-84a8-a6f4bdf6027d,555af971-0423-4e6e-97e5-c67af992d31e
a13fab0c-e6a6-477c-8c2c-b81d402b74e7,40f94c17-07ae-461b-a1a6-aa7d82febec9
eb5e16fe-4a1b-4f17-85bb-58cd8bb65a27,4c034632-7d6d-44cf-b02e-eed4f2b34a57
4c292532-9afd-47e7-8291-18e7231bc0f4,d266d7b0-97c3-45da-a0c0-9bd0f8c03507
1ac42dd1-9869-4de7-816a-813f4ea19c18,b0923535-b75d-4422-8cd9-d05faacc8ee3
58b6a51c-9ff7-46a3-8ee5-b8c1f31b4220,72ce8767-77cd-464e-9821-a7df0bec2793
08df2708-5666-4bcf-8825-a2b5ffb4259a,54315310-8b2d-4c92-8201-9a0399cbae0a
924829e4-74cd-41f7-87e7-420f0a4cc374,2521dd61-f38d-4d6d-9e37-525d1a84a90f
3236dd40-de84-4a36-8ee8-ca45fc0c44e9,b732295d-9395-47fb-a7f8-3affb3652d07
02f4d569-e540-4b54-8148-72fd7cad64a6,2b7f9ec3-768f-44aa-b0bd-fd11368f43aa
a379f1d0-d063-43ac-846d-c2c23917ab8f,73fc9b4d-f177-472a-a99b-6390637e747f
91c40afe-79b4-4599-82b0-6101b3cba0ae,ec67ea3a-6726-4dd5-9e13-5e800520bd2b
f2ef592a-4963-4767-8565-9a492e919c68,ba165d2b-ec61-4b6b-81b6-bc4fff164ad0
7afa8f6d-e872-42a8-87db-fa81388df11c,33cf31de-26a0-4916-b151-7ba7df39a328
9b19a85c-5a38-497d-894a-c902290c9362,c89bd828-661c-4659-bc3f-9866ac8372ff
5cd5c29a-79ac-4669-8c34-a0fb7bf1adc9,4770f86b-a2c5-4572-b699-1751e0138b12
6977406a-e8af-46da-8312-a9523ad93049,b4c3a83e-165b-4403-b7cc-e6d3a3c83313
60b02a8d-a533-4d2e-8378-d7ee353933de,607eb179-3524-4a3c-9de6-6d9606c1371a
bac482b3-61f4-4dbf-80b5-6a1dc32739ab,ff42c3f5-cf4c-41b9-9fec-9a9c548a27ff
23ac5e87-ce2a-4c1a-8061-03e88d88eccb,c2d6d959-c973-4404-8acf-da505ccb1338
54a8bc00-3e4b-4e57-816f-93a69a3cd6c1,300c85dc-21ed-43d6-b297-b39a70124602
b4a8b51a-f066-423f-89c9-70292db5ba64,94b6de28-5477-4b39-92e9-b64f9eea89f9
aacee471-b8e7-4ddd-8981-1308a20fa810,9307ecdc-7d86-43cd-9b5a-32a3d3fb0e12
ecb82d92-a8ad-4e48-8e20-bb6b4a8c9b54,e073d74e-18ca-494d-909c-447ed560e480
60082d06-c45f-4eba-8c46-897e72274bc4,67ab0cbd-c471-4a28-af05-6ece20d485c1
63b99902-c99c-4ac1-81fa-3ee7cd0beec5,f5c24833-b5e2-44d3-a8e9-de53e2bf616c
de4db454-d52a-44b4-84a9-58c373b6ab62,eade1895-0846-4a00-9ca8-feff14a81ada
58f963a9-fa8b-4226-8158-8806c9b37054,c64a75ab-a91e-4257-ac75-267a1905e45c
e6b0e9a5-f7ea-4f5b-8592-91b0aeccc7fa,f4b44841-b381-48b8-9f69-5b63db02c975
b5b0aae3-b701-48aa-8cb6-19cdd83def59,e3a311d5-a7b1-41dd-ab63-1c4b5a9d7053
94fdeefa-ee75-475b-8667-e40b053e4728,159293e3-cfd3-49d4-94f8-d37ade895de9
20c72302-786e-43df-840c-5a10c65097c5,2c88cd2b-da26-4696-8ddf-58f5c8ebaa85
5374a201-6b68-40b3-8f49-c6b6dcae681e,f22f2e62-a4f0-4c30-ad67-e33fed8d3ca0
de5e1129-f529-4297-898b-b991cbf74ea6,419b505d-6f19-47f3-8f93-48c3a03aa689
9905033d-deb9-4635-8c83-9a52422aedc1,69a6d72e-04c1-4b2a-9740-616f8bcba137
e7c68b94-04a8-4d80-824e-6e40324f7c28,963fa5e8-aa73-49cf-9958-66dbf69572fc
b08e4c49-d945-4534-8fa9-fc41ffd8ba7e,ad7d0567-b189-457a-bdce-a4809a26357c
3d47a7fc-235d-4126-84cf-b07b31fc9800,c8a4240e-603b-4157-9f78-6f13a4a447ed
05efc06e-88e0-4256-86fa-e259527b36e9,ab57c585-229c-467a-a4b2-2b4e8ea8487b
b5ff9200-d985-452c-8bbf-1fbc4f1aec6f,e2c85a01-0814-4790-a40f-33ac58e01f11
75353497-e0f7-42ce-8713-c688238b3967,5776241f-cfce-4781-ac40-705e90282cd6
19bb4ef1-0754-4fcd-8cef-031faa053327,b6616b2d-9b15-4d11-91e3-75e810561a7e
3c98c855-48ae-464c-83dd-48e6c493f2f3,c992f349-fa0c-4e17-b311-2c775cda0514
9249a4a5-a1e5-4e75-8fa8-335c94c22007,0cd08f15-8dc2-44b5-97ba-ef01c94d9ae8
efac819d-f203-4dfe-83e4-83379ef29b04,7dbdf7e6-0255-4aa7-be08-91524cb07691
27fa6bb5-a0ab-42a1-8ad0-55a7cfbec287,689e48a9-057f-4c5f-adf6-cc84c2bf1775
4d03465d-bab6-4ceb-879d-013f4eb17153,d3d504fa-639c-4f57-b1fb-a03c30b5e3bc
3ef97ac3-d441-4180-88a3-4d501995fc7f,8e120153-4627-4238-93c0-ef76b7df8b0a
eb1b76cd-fcc7-4b48-8ec0-4a246d406186,0ef2a734-a5ac-4481-8adc-34aaff8f3322
ccf9529c-9b9d-4395-8a04-a4af17988fd5,7f74a0aa-b422-4cec-a117-9f16b0b1e0bf
23d90221-bb9c-4ef9-80ce-bfdba055f0a6,42774f7d-27a1-4786-858b-6dcf16047d3d
c7098ffe-ae67-440e-8a50-69ea57b9419a,d7bb2ec4-b48a-4e25-bc81-1c8c4c598d2b
05dfa91d-20ee-42ac-8e37-ef438acb5bb6,b3c9d00d-880b-4030-ab62-619bf99dd31a
0cbb5d73-254f-4f26-89c8-7e388369a2d7,c177d935-67ce-4a7e-8765-588eb874e248
d266757b-81d2-4c23-8d6c-988278765c5b,6390b0c8-9591-4ede-bee7-8721308aa97f
cc5fbb76-f3a3-48f9-8994-b8a2bc0d9127,2de1e5ae-353c-4f89-9fd8-a7fe118caace
8ebbdbf6-82e9-4aba-8d07-4fbd5eca3c21,ac50b230-935b-40be-b72d-1b3adfe71909
51220f92-b8a0-420e-86b3-674790979308,08b92911-35c0-4f9d-b946-9c97cd6f9e7e
19eb4d80-096c-4b32-8089-aba6d9b8faa6,902b21e8-4703-420e-a1ac-72eb1dae4542
b55979fb-1402-41bb-801d-5b8d276abbe9,3bbc52d6-6908-426a-857b-a9babe5bdb8e
9465811a-808d-4c97-8e9c-9b5fcfc2e1a2,e0150f1e-8b62-470d-8e61-cc2fb61dcc77
3216cb53-4eb1-4684-885f-fc8195ee3d27,62dd3666-34db-46a2-99e8-2a0b9b1356f8
abe1b17d-0f8d-4f28-88a6-01545831aa19,0538b7ba-34ce-4646-997e-6c92628974d6
320818f5-9720-4e9e-8ea7-1910a2eb7d7a,bf402120-1cb5-4799-95fb-27092295135d
56a21d85-27c3-4c95-8fea-c24121b06a7a,0340cf46-b913-4ba3-b996-65d42b4649f8
a3160546-b814-459d-8049-cf4e039ef419,2184e82d-d057-4249-8f27-f7960dcd02e5
e550e213-be80-4b1c-802b-67ce555dc19b,7c078dd4-da13-4f78-8b0e-02270c13b864
3c87995d-d920-4188-825d-8f5a3f165678,226e58d6-0e19-4abb-8c61-4d01aa0f520e
886a6543-6e7d-4d87-8222-fb2a2ea61c18,9bafa158-153f-46a6-8979-bc56ae84bedb
90ce2b18-b90d-499c-8e06-36031671c9bc,5dd5619d-665a-4fed-8242-6c7290e0d68f
bc5922e5-c3c8-4672-8f49-4f38e2ac2457,29aa1c38-a871-40b8-83bd-cc279ffdf048
bb636761-6720-4f91-86de-12b8314b6822,ece6ac92-6a0b-4d09-8932-58d90e30c6ae
f4ab6bf6-c9b8-431f-863b-77855f81af3d,2c8f135a-cbff-44e9-b2f5-d1871c4c3cbb
81cd490c-a099-4ecd-8d45-b71cf95c8e37,8e7ae6c5-4950-4e07-84f4-a7bb472b1489
48ac2f48-d19b-449a-8edf-d2eed5ab756e,04d80fdd-2e7e-4fd5-a232-c050ba4846b4
4bad68db-0b0f-4425-8364-15b41754549e,9c4be4f0-6eb5-4d61-bed0-857c201e926e
7e75801b-b9da-474c-8d5d-5c3a8db2a5b1,8e750e5e-e4c0-4ab5-a1da-1b5b00917756
9c6c406c-b3c6-4e1e-84f3-85d8c6ccd55a,17525fec-44ec-4f1d-bc55-5e7e6b412133
1eb1456a-ee23-471e-8801-310dee193c0f,98fffcf3-0e80-4939-974a-cc1bfeff9c0f
d681702b-cf0b-4e46-86dc-983be8445d80,0f3bd17e-8d06-4a01-a09a-bdd0ecc0a411
268d62a4-4d94-4be7-8e45-36da7e81b7a6,3b0a59f9-bc47-467e-8f77-b0f2e6afdaf9
dcbaac1a-940b-4635-8dab-c39fdd45a63a,d56f7a94-e995-4b42-9439-73f6aede78d6
ccf0061f-3216-4a9c-84f1-95fb159351fe,dc78394f-cd7e-4c4c-a427-228495ac8a23
bc0b7d52-9cc1-4773-885c-0ed5d50043a6,d8246873-f2cf-4595-8e3f-0dfebc8304d5
51739af4-6efa-4800-8102-b218a4e36730,93ed392e-749c-49b5-8caa-cab5c8066ad1
82a0627f-22c0-4b50-8e58-9724808dc0c6,dff8154b-1b41-4fed-97ab-68baa7e8db43
29a5b36e-c940-47c8-858f-9d68c3a45c2c,bd284e6f-2e09-41f4-90ab-c9d89c2d3e05
1eb060e4-00a3-4a4b-8823-98957fc488c2,e666525f-ed26-4fb0-bf7a-0e96094b141f
de992cb5-8a64-448c-824d-314bf9ade137,c7828077-813f-4ece-827e-3302822f4498
f85034ec-ac28-421a-8802-31f50b0e80c6,01f78cb7-af42-47c8-89f1-fab57ae49312
b983a4c1-c54f-4be2-8c0f-674d97d17ba0,938ba8e4-21a6-4e77-a825-11c5257f8250
264ebfe9-e3d6-47b2-8d13-82b632bbc557,6ab27806-dbf1-4dae-b993-a59e94367b89
cd283c80-ee9d-49b0-8c7a-3e54096de0b6,565885ff-ef9f-44c7-b141-5921d5e3672b
9483e056-57df-474c-8b31-9176da90c8d8,bcab1165-5e14-4ec5-a5f9-4152bd928a62
3841fe24-7b26-471c-874b-a084293e0738,99dac8f7-1e7d-424d-bffb-606278cbdf34
8fce27b7-0fa7-429b-8c29-237bf472b228,4a338779-6599-4232-81b8-43cb6d58547d
daa2de7b-1c79-4e70-8326-07b1c380489d,63a80020-62e3-4deb-9b33-84e263699d1e
cc19904a-8c39-4bb2-8c77-f69fb12216e4,f10e2ee8-a44a-4d03-a61a-a31385b8834b
1aa610f7-c4a9-4797-8596-6b4b85af7f09,eaad7a70-ead9-4ead-8e8c-a225160b440d
910eec47-38b3-471d-8c78-87a9ffbfd95f,16cc6b55-f894-44ab-a38e-486573aa9271
20515d86-09ea-4257-83e5-f286b2d155f7,6f0d90a7-3e89-4283-bbc7-a2b4f549a469
25a59e45-673c-41fa-847b-9e89fc6ddd6e,23b8ef68-5f1b-4111-a187-159a67cfcf91
8abcf441-52ed-4d72-8815-41ce00ea5d82,3c9e459c-acb5-49b2-975c-1895b6616cf1
8f13dc72-e6df-4a56-82da-b0cf5e62d806,cc1d8fa7-1d58-4c03-8145-38fa3ab9baa2
ae6bda40-cbcd-4b00-81a7-de06fa2047ed,e29582aa-9f3c-49ae-9277-9ccff10d4d03
2908e525-c3ff-4f63-8bfd-ad4d053111e8,9abefa78-109e-4c0f-baee-502a3740e002
7fbb9f1b-8402-47b9-8a66-570d79625cd0,cb596336-0b18-4bb2-b14a-1c213d7ec123
4f035d00-f1d3-42c1-8e4b-e247149f4432,38c38031-d1d0-478f-b112-2e3d42a41dd4
822fa487-43a3-45f6-8ef8-324f7d778490,e4cd82d9-06b5-485e-a98d-f60634cc55aa
a40bd8d6-8a47-455b-8363-c1851dd141da,54918ad9-471d-4dd8-a8bc-5cfe96be88ee
97649de4-7904-4b4e-8397-4646454464b8,8ed8becd-4dc9-4706-81e0-86d7921820bb
83cc8ac6-cbf1-4805-81b9-df937140db43,dc57763a-bf0a-4948-8656-c9002e7f3db2
ebbc43b7-9d1e-4dac-8be8-d3b7ce2a9615,bb21fcf6-a158-4f09-8d75-81f358bd1a68
7eb17466-6b59-4abc-8554-56a1379f1029,e149578a-87be-4134-9a69-53f2c39a30b3
56ec05f9-88ac-412b-8b10-884c59f390ba,801e9208-3213-49cb-a7cd-f3c749ae3e0e
c78efb2a-a3f5-4e32-829b-0e9debe8658a,2fe0a401-c0bd-4d83-8cbc-7d822329fa8d
78f49276-e0b1-4f3d-8160-dbffd1c9d488,a3d3d131-5953-46fa-b9d5-b89c3b961115
66e1eae8-d205-4196-8e06-ad6a7bb0f2b9,5ecc5ba6-4e41-4487-85c5-90ad600f57b9
064e8490-aa66-4fa3-8cc3-264e2a8ace58,2f246a86-7e86-4ba8-a052-89f5063115cc
7f54d235-090c-4856-87bb-20b2d001ac00,e8d3fcb4-a0df-4809-8f23-13cc76757898
1b853ccd-019a-4d0b-8add-a4b966ddc6ec,550c1df9-3bc3-43c2-9148-7d81430ca371
2d5372b4-066b-4b8d-8162-d265f5b4171d,7f8b7b0c-9b9d-42e5-8a4f-357e6466bc62
f1e80861-bf04-472f-8922-957700148663,87a51e86-3d8a-4caf-91be-1e4bf24b041a
285f0ca3-332b-479b-8f8c-ac45fbf2dbef,e59376ea-d2e8-49ac-86f9-97a9488fb159
cd67ecc7-9f17-4ed9-81d0-4183264f9049,9c2885db-644e-435d-9ab4-f5e6ac151b5a
ffe2a6e7-7616-4d89-88e7-0b208ac0bc6a,bdab1cd9-0dfd-467b-93e1-d31230e00566
e3b27c12-3b26-4f0c-866a-a137ac0cb1b7,160f12d0-03af-4f27-acbf-615eec794c74
921ace6e-c2cb-47d9-810b-912afb46b1da,78f80b89-bf8c-473d-baad-fd36b8f0ef16
0ac1a82d-3a71-42ce-8e5d-6fdf6eb6d095,998d821e-4022-48aa-a5c6-7d9b2a861cdb
fe72133c-3a12-4a20-89e6-a0e11bb618bd,bfc21f34-0bd1-4382-aced-ce46e18d0661
b2a3b01a-29b8-4d24-849c-c3017943ccbc,89a318bf-d41d-4930-b186-43fded833a03
49917016-1fb4-4710-810f-52e70854405c,cc2f224e-18c0-4fa5-ab66-17e47b568f44
e8ff6345-958e-4bd4-8477-208b8a5f291d,430a59f9-dbac-4ec5-8f7a-07a5eb196119
8b93500f-3a00-4669-8dd8-90105619b0c1,19583751-10ac-4c0e-986c-f8103ea2982f
609838f1-8719-42cb-849c-7c4284fa6a0a,3defdf23-cb6d-42f9-8bb7-ab03a887fad4
bb9651a9-06e4-4c1e-88aa-f8aed9069ad7,8d0a9b0d-bd71-4ef0-836a-4abac59abd4f
56623032-335e-4af2-8862-008a0a653df0,b3ed7f88-1e96-459b-a869-165d4b431ff0
481dc551-0694-4361-8adb-586807f5dcb9,f28569ac-7640-4fec-af25-8a1dfd76d90d
9f945536-dcb2-4359-89f9-a98e0483629e,f5433db0-68e0-4031-86b0-368ce05089a9
8940bf15-ea28-4a4d-84a0-bbf85abb85cf,763f0ae7-82bf-49e5-b1cd-3b81125177c7
bea20383-3269-42a6-809f-26e5733e2960,bbcc73ab-7901-4da7-ac1c-771f15069e5f
260822dc-8ec4-48f1-8cbf-872f11997f33,34470eac-3910-4e84-ab6f-db177c624a08
8dc8109a-27e2-4f6c-82a9-121b0f289519,c2bdb43b-e139-49ff-938d-c3c16777515f
8985260e-459f-4602-8c78-84816ecd8dda,f62ad0b4-b255-4cfa-a70f-6907583ba482
31b67da6-a0cf-498d-847a-323e7d908778,ab904eb6-277f-4ccb-abc3-3910031ec7f1
77e44855-1058-458e-8a84-00662f60b118,c91b3114-f482-400c-a74c-a50fd027c991
4aece0b4-d681-4de7-81fe-582d2cdc8c38,9af7d1cc-e2ed-425d-8fbf-b39aebc162df
4604c384-054e-4ba5-89f1-4f6d7344718b,4a7507ca-e0f0-4253-b800-4f3b141f353c
b4ec8d64-34cd-438b-8ef1-42a79168ef52,c9f23f14-7757-41f1-9ba1-1c6216b35157
9fa0f145-70f7-4536-868c-874397cc7adf,362a4661-d90e-4ca9-b747-59ffd1201291
2bb31b5b-7854-4f90-8c3a-5239a88adfdd,fabb5778-16e9-428d-8331-a6f2e9cd7973
d5d8ec2e-6ac3-47b3-895f-4c1e64958bc8,96ff44b1-621a-47b7-82f0-05a756e26268
de46f4dd-b159-46fb-8c15-392cf6615139,d243e8ac-a10a-4d06-93c5-663ce155eecc
8ff5dee8-e524-4514-8436-875635ad8fdc,8f4965ba-e987-40f9-bf98-cd1c62f5c5ea
8266ef4e-6c59-48af-8970-fd55654f137d,b88f2a52-7f67-4609-a082-0e3bc1e464b7
1d79eee7-775b-493f-85fd-4d3007d24a7b,80f31686-f4a1-427c-9e7d-3b6caf72b441
2cb215f1-e9fb-43b4-8595-7293200c5402,5b8b150e-4b5a-4600-8e40-e602cf09950a
d5aab35a-8547-434e-88da-66479958f516,05d1a320-8580-4a2a-826b-6aa247f84c69
844882bb-1b0a-45c3-874d-bd873b02e38e,03668afa-0507-48c9-8135-c194f0c502e1
cf9fe56c-cb78-42e7-8b6e-883d11e48fec,dc8f082d-641e-49ff-b503-90472824f422
5909be94-39fd-4fdf-8c5c-85fbf7ab748b,b974892e-5e95-49f9-aba8-aded5825d38d
5bcc0979-84a7-4bbc-8ff1-8500bc5ff526,daf2654f-fa06-4462-bfa2-06670c251a84
a36b5b95-bcfa-487a-8a71-f2233b70e270,dafa66e7-f9c4-4955-9186-171f0d1897e6
f16565db-7e0e-4732-8072-a3a99878c3fb,5805112d-815e-40cc-a82d-2d28b3defbe1
9973015f-54ab-4337-8635-d7014e4e1bda,185ee54f-5523-4bb3-a777-fccfc210cc30
dad0423c-397b-4125-82aa-9bbbb0c0ddfc,7fe7ceee-ef7d-49d9-9262-2e3f331f47b2
5becec08-d87c-438e-8231-ea9ecf1950bf,56a562b2-9bc7-45ed-a4f3-a5cfe7ae1ce7
8045706d-547e-4eee-8d7a-ab41764dcc05,9d7d3aa9-34e0-4eef-b5de-1f0a34e4ac7b
f5b94901-4b31-48c9-83f7-96825781bc13,5b0c3658-64e8-4b37-b86d-3b9b468820ac
b3706812-db73-4b95-8a38-d8087948f1f6,9ba410b0-edcd-4f19-8302-a3d2f48e50d0
90792ff4-23c0-4cad-80c4-bdbf630bc67d,3b8ec0c8-03cc-4fbb-aa85-7fb1bdbdb3ce
60032a01-baa4-4797-83be-ec06b4d75b6e,584993c5-2c32-48a7-afb7-e797a6474fae
9b6a6188-32a6-4c9a-829a-a5dd962b125e,00d3541e-1a01-4554-82d7-106b235ac34e
4013fc65-7c29-4491-856b-1e62e3684667,57b70a5a-134a-48c2-9b24-a472a20493a6
ff031320-2481-409a-8e30-3a4460e1c358,54fd0e7c-d1fa-449a-aa0b-1d1a96b32f8c
10dd4d54-34cd-4a03-8273-85d13b24c5fe,0a60ba7b-7c08-4d1c-ba3b-32e167bed4db
ddac2e4d-0daa-4e02-8fc7-2ef10e86d795,5521eb80-bb41-4c46-99d3-eed8b368db39
5323f63c-8a10-4c40-86a6-372e126dc618,6075d461-1475-43c6-9ed8-a4a9d23dd172
20fc0172-82e9-4d65-8e4d-e1827a1c2219,ca67e764-a33c-449d-a4c4-c132297fd061
616c5a7f-5055-492c-85f4-06526d8f5599,47dac7af-4127-4502-a551-88aaacca4986
7de3f4ba-de3d-412f-8db5-f07492a6ba09,e1368d16-e0cc-4739-aed1-8d79d2de2999
58748dda-1c03-4313-84f1-3244a350aa12,944cdf95-dac3-4dd5-9ec3-00b8e691b356
bbc3726b-ca5d-4942-8cf3-5a8a2afc1019,9d8619dd-6968-4bb4-aa19-d1cd4df5f535
17fe0e40-586d-411c-8bca-8266b75d5d59,05cca74b-a8ac-40f7-9cbb-d54e71fdc073
15881502-7d2c-4626-899b-8160aea3348b,cc3e11e7-09ce-41e1-8790-8c2ea08fb0ce
debdb370-1ba4-49d7-8c0a-2d6865edc313,02713418-7127-46c6-95fe-ff94613bfba0
33f3473e-5a63-4903-8efa-6ad119f220db,aa0dccd1-a565-47f5-9674-48f7005563b1
c735329d-48ae-47c7-8cab-b9f8738ed9f8,2ce269a4-293c-48d6-929a-b4555f34c511
f10f73df-68bb-4585-8ab4-9bc7a7fce578,faabffdd-acca-4d8c-a2eb-0d4877718f84
e1968556-6311-443f-8d16-1611dbb31db5,9466b0d1-c0a0-40db-9a46-c305fd1e0650
4de05c6b-5358-4980-8fd5-8bfc3e92e686,3b1fd255-9421-4492-931a-897b7720c455
6cfca90c-8d00-4182-8fd3-4449ee9db72c,d1cdbc53-5405-4d4f-96c1-ee8aba679de0
216def40-7e99-4866-8dff-f2d1e26f92d6,b474e07c-347f-44d6-a393-73cee1ffe4c6
d15e27ed-44bc-40f0-8280-d6b174e1e380,5ea5d991-167d-4791-b8bc-87c05eb5e849
ac549ff3-7cc8-4187-8f36-070eb7ba0f71,3148eddf-19bc-47f5-a553-ed413dcc803a
4b0fa18b-00e0-4d0b-8e25-f3e38ac1b0fb,ba917351-735e-4fac-8db0-2f8f2a2cff6f
b0e94bfd-b8cb-46bf-8648-85c33d72936e,674760ce-4d66-486c-8c0e-19d4519c6fa2
579a5760-06e6-409d-8ca3-1411d6757566,71a51c71-c19d-4eed-8112-ec81386c1a5c
8562009e-6544-4488-8503-93f00c4b51a8,58b9a873-6f6c-4b7c-a2d4-4b3fecb75dda
c6546526-db06-4fc3-87f1-e28cde2f83d7,9c24d52c-4b8a-4646-aabf-463fcb264d2a
cc807590-c76b-46d4-872d-f7abb6baf769,18db3d7c-e2c6-431b-9fdc-419d1bd6e240
44d20be3-7802-4a75-8b8e-647c1142413b,59197f7e-0d47-4caa-b2d0-534b61b0b773
55128725-1a86-4b0d-8b43-c2ee8b6a79db,2edd17be-abba-40c7-8894-691b49fc5b57
fb1c3227-d194-4808-8aeb-3cc720a44e81,9e20dbf6-651f-4261-a6d7-753b1ad33ca1
7292cbc3-61ca-4788-887c-c790a8de30f7,cc107b86-a675-45ed-980e-a33cfe41868f
b3ba3bd4-8540-41be-8810-df67efdbeb69,eed8f4a2-806e-41c2-9d7f-7507f5aabefa
be3aae40-d2fb-4837-801d-f6d11cbfd9e8,9b9b66c3-3dd1-4888-a24c-9d7bc44a5dc1
95f30e47-f4f1-459d-85cc-29a76a59d83b,cb45ede7-acd0-477b-a9b2-9ff6f304df61
d16ba7c4-fa27-4d8f-8161-66cd88e0d5d9,0ace1b71-f67a-4a7f-813e-50b133953939
6b8cdf9d-24e8-49c8-8506-e0a49bbe31ca,b232d8e0-6549-4bdf-8371-8f25fdbaae21
4df34f3a-047c-473e-887a-d6bdf4a2a3f6,abef391d-986a-46b9-aa01-d07f634bd06a
3c664b7a-812e-450c-86e1-c6e4a2a56eae,5e2a4cdc-d2b6-4957-bfd5-1d3fe750f11e
ca7a5aaf-0b27-4fa6-80d6-3e14a449ccd4,0f6dc931-6c35-4f35-9186-ccb5c8358adb
61260694-ae0e-4c80-8d28-db796efe2e8c,d14ccedf-ce90-414c-95ad-d2718cf9805c
fee9c86c-3796-4aa8-80cf-2f6be357584e,61932bbd-3591-42b5-a068-a3b6dda15005
058b60d1-4e77-4acc-80ff-e432ff798808,555d1ab5-c007-494f-950c-8181dd0f658a
7ef88be1-cad9-4ff7-87ce-2b6987d638f5,e55f6088-0384-4db3-ba0e-98154546dc70
f5d771fb-5233-4b37-8f66-b38787e41b90,3618102c-f0b9-49ac-a92e-4b21f855be5a
5098bc38-0ebf-444c-8bda-aff1ec65bf3b,0dce63ef-ad5b-4dab-b677-d841642670a0
2fb4d6e1-e7ee-41d5-8cc8-e3fdba503021,37730d64-39bd-499b-a9d7-a0e156a7a96c
159db4c5-8db5-419f-82a9-d7fd6f8621a7,fe943f12-420e-40b4-8fb4-62f243520840
fd560d85-00e1-4200-8861-d7dc0fdbb6a0,dfed91fa-557b-4ac2-8447-2a57181efc7a
70b396cf-e0da-4ecf-8b5b-409e2f3531c0,adc68b37-e124-4980-a79d-5179700df8cf
723968aa-4b12-447a-846b-566e98f4bfad,939ecb1f-457e-4df1-b1c6-2a05e3ae8e4f
a5dbc138-5837-4bc2-8281-e3a76f8f2815,093df349-ee53-4a89-a6c3-439fb7d84bd4
fc3cc00c-319e-4f6a-8be5-0ded66563e0d,9a3bdbb0-f239-447a-94d0-34170d786b0e
d6d1fd05-0e58-42ee-8418-c371ceca57e4,2e379e8d-b450-43c6-b1b2-6a4dfed1358a
b58548b0-4b28-46a3-8c16-8e28684524f0,65dff9f2-b3e8-4acb-b7f0-eaafb67342de
c3ce42ca-598a-4648-812f-0758809997d2,b8348b32-3029-4e92-a98f-3588df904f05
d02cdc68-1691-485f-819c-18619b15f0fe,e2cc8d69-06f4-4891-8190-39dbbf1c09fe
bca4f814-2d44-4b91-8144-4d4a10878768,4e9c69fb-8057-41f8-93e7-8467bad6a474
c95940d0-1cde-4288-8622-e714e65ae382,0e2d4426-7077-4856-9ce5-a8bf1337b840
3b5f3e82-1d9c-4bf6-8462-3f47a1789da8,b006095e-c2e9-4ddd-af84-e275f89d95f6
df74eeab-e7d8-4f48-8ea3-e18def157344,dde0c882-67ea-4b1d-aa00-ddca035b2779
80407cef-fc16-4336-8e0b-00b43fdaf7d1,3a42cede-5ad4-423b-9ec6-612acd368f45
1bed6b85-d054-4989-8049-f81aa43785a6,3dc726c7-7a83-4d9e-9e10-6381833d79e2
c819befd-54a5-4bae-861a-439c204d30aa,53102eba-f01d-41a4-ab4e-f057e2443b52
290982e2-9202-4c0d-8db8-cc8a1a779643,8ffc37b2-521c-40ec-9058-aa7cd2a320dd
f6e111cd-8c8e-4f78-8515-abfc41e353df,76b28a67-f0b1-4028-856d-5b4fc35841d2
2b517a8c-7eef-4cab-8d1b-4850068fe295,a7f3be70-42dd-401f-8547-4f688be82c89
4dd8d523-3fd5-4586-88d9-d3f51f5f8a1e,d36a0b9b-57ed-4a3a-bc42-151e1b9bdc90
ae299f6f-a7f5-46cd-8406-53156ad29d7d,e06d8b07-d8ed-4930-a29b-422702d18916
02037cf4-0d29-4ee5-8f27-95991111ac42,852269c9-5f7d-4043-a03a-4543344407bd
b4611a41-9d5e-4176-84c6-04d9e994d1c7,a01cc78b-44ed-47ca-b623-21a9352999e0
6a2c5f50-cc68-4e66-8fa0-d65db2ef4a3c,e1123d62-1003-4cf6-ad06-a261229b91fa
57dbb369-f6a7-4f83-8e56-da91b94a98a2,e9d2c40b-ca76-4673-ab65-0c09eb30e609
4291a26a-ecd5-4a21-89d3-304cbc4a324a,d1525de9-d75e-4aea-928e-08fedf019571
28752670-d0cd-4af3-89a8-767455c1e392,997d2724-cef1-4282-a44e-eeb17e6243ce
7a619510-2150-49d3-868c-bbb15c3648d7,
cdde4d66-0cae-429f-82d1-99a8fc197e29,
0f2f42d3-b950-4362-81ee-25f2fb96a30e,
1294986c-04b2-4e96-80d9-604a8a9ac80f,
bb1355d4-cc15-47bf-8ab0-f820e43410dc,
6b2ba09e-8193-4ebe-8286-b10879586f95,
e6965114-f7d7-4499-88e4-bfff40b0bdd4,
4b5b98b0-0fd2-41a5-889d-75385d6aa034,
84de08d6-9614-4b75-8b4f-5582fa63957c,
9914123c-8bb2-4eb4-8ab2-07a16c09765d,
9214352c-8254-460b-8a4d-5ba54e590de5,
9bdc952e-24b2-4abe-8b63-9e73ea916258,
634ea823-780c-43ad-8551-afddd6d813f8,
00f9f21a-7930-4e51-8f60-d937f562b9af,
302e9eaf-bfd1-4c68-8a41-3b2c75804227,
23b18959-27fa-4a86-8f12-cebff8519b60,
640e1192-2e1f-452b-86ae-acd28f0b0d21,
d8c5a1d5-f92c-476c-8e4d-5bbee5a2bcb2,
876e236d-3b62-4ca6-8e25-7ec80a380c7f,
71684f92-e349-4e29-89ba-78752184bd91,
63e50ed0-0dee-4460-8724-4ab6c8979dce,
774b0bcc-7bd0-4a84-8c94-28ea5e2f5840,
7a1749c7-5abf-4e23-8a37-10ca47e25fb6,
a9987a22-2bba-430b-8b4b-d75dd76d708b,
4885f1c9-91b6-4ab0-81bb-3996c88f2574,
9b51f61f-4bfd-4021-84c4-a2d349f82d1f,
ea0c52ae-410f-462e-805a-25697cf96735,
